ad,sehir,ulke,hikaye,puan,resim_url
Aokigahara Ormanı,Fuji,Japonya,"Fuji Dağı'nın eteklerindeki bu yoğun ormanda, kaybolmuş ruhların (yurei) ağaçlar arasında dolaştığına inanılır. Puslu havası ve manyetik anormallikleriyle bilinir.",5,"images/aokigahara -ormani-1.jpg, images/aokigahara -ormani-2.jpg"
Perili Köşk (Yusuf Ziya Paşa),İstanbul,Türkiye,"Boğaz'daki bu köşkün inşaatı yarım kalmıştır. Rivayete göre, Yusuf Ziya Paşa'nın aşık olduğu kadının hayaleti, paşa dönmeyince köşkün boş odalarında dolaşmaya başlamıştır.",4,"images/1280px-Yusuf_Ziya_Pasha_Mansion_and_FSM_Bridge.jpg, images/1280px-Yusuf_Ziya_Pasha_Mansion_from_Bosphorus.jpg"
Cemil Molla Köşkü,İstanbul,Türkiye,"Boğaz'ın en ünlü perili mekanlarından biridir. Geceleri piyano sesleri duyulduğu ve eşyaların yer değiştirdiği, hatta bir kadın hayaletinin görüldüğü iddia edilir.",4,"images/mesa-cemil-molla-genelgorunum.png, images/mesa-cemil-molla-uzakgorunum.png"
Büyükada Yetimhanesi,İstanbul,Türkiye,"Avrupa'nın en büyük ahşap yapısı olan bu terk edilmiş yetimhanede, eski çocukların hayaletlerinin ve çığlıklarının duyulduğu rivayet edilir.",5,"images/buyukada-yetimhanesi-1.jpg, images/buyukada-yetimhanesi-2.jpg"
Kaya Köy (Hayalet Köy),Fethiye,Türkiye,"Terk edilmiş bu Rum köyü, mübadeleden sonra boş kalmıştır. Geceleri boş evlerde ışıklar görüldüğü ve fısıltılar duyulduğu söylenir.",3,"images/kaya-koy-hayalet-köy-1.jpg, images/kaya-koy-hayalet-köy-2.jpg, images/kaya-koy-hayalet-köy-3.png"
Yedikule Zindanları,İstanbul,Türkiye,"Osmanlı döneminde zindan olarak kullanılan bu tarihi yapıda, özellikle ""Kanlı Kuyu"" çevresinde işkence gören mahkumların çığlıklarının yankılandığı iddia edilir.",3,
Tokat Kalesi (Drakula Zindanı),Tokat,Türkiye,"Kazıklı Voyvoda, yani Kont Drakula'nın bir dönem bu kalede esir tutulduğu rivayet edilir. Zindanlarda onun huzursuz ruhunun dolaştığına inanılır.",4,
Büyülü Köşk (Havuzlu Köşk),İzmir,Türkiye,"Bornova'daki bu metruk köşk hakkında birçok efsane vardır. İçeride kimsenin 24 saat kalamayacağı, eşyaların hareket ettiği ve geceleri tuhaf sesler geldiği söylenir.",3,
Stanley Hotel,Colorado,ABD,"Stephen King'e ""The Shining"" (Medyum) için ilham veren otel. Özellikle 217 numaralı oda ve balo salonunda paranormal aktiviteler, çocuk kahkahaları rapor edilmiştir.",5,
Eastern State Penitentiary,Pennsylvania,ABD,"Dünyanın en ünlü ve pahalı hapishanelerinden biriydi. Al Capone'un da yattığı bu yerde, hücre bloklarında gölgeler ve fısıltılar duyulduğu söylenir.",4,
Myrtles Plantation,Louisiana,ABD,"Amerika'nın en perili evlerinden biri olarak bilinir. En ünlü hayaleti, intikam için zehirlenen ve aynada sıkışıp kalan köle ""Chloe""dir.",4,
Winchester Gizemli Evi,California,ABD,"Tüfek mirasçısı Sarah Winchester, kocasının silahlarıyla ölenlerin ruhlarını yatıştırmak için 38 yıl boyunca durmadan bu evi inşa ettirmiştir. Hiçbir yere çıkmayan merdivenlerle doludur.",3,
Tower of London (Londra Kulesi),Londra,İngiltere,"İdamların ve işkencelerin mekanı olan kulede, özellikle kafası kesilen Anne Boleyn'in hayaletinin koltuk altında kendi kafasını taşıyarak dolaştığı söylenir.",5,
Edinburgh Kalesi,Edinburgh,İngiltere,"Avrupa'nın en perili şehirlerinden birinin kalesidir. Kalede kaybolan bir gaydacının, veba kurbanlarının ve bir davulcunun hayaletleri olduğu rivayet edilir.",4,
Borley Rectory (Eski Papaz Evi),Essex,İngiltere,"""İngiltere'nin en perili evi"" olarak ün salmıştı (artık yok). Bir rahibe ve bir keşişin yasak aşkını ve sonrasında duvarda beliren gizemli yazıları içerir.",3,
Poveglia Adası,Venedik,İtalya,"""Dünyanın en perili adası"" olarak bilinir. Veba kurbanlarının karantinaya alındığı ve daha sonra akıl hastanesi olarak kullanıldığı bu adaya giriş yasaktır.",5,
Château de Brissac,Brissac-Quincé,Fransa,"Fransa'nın en yüksek şatosu. ""Yeşil Kadın"" (La Dame Verte) olarak bilinen bir hayalete ev sahipliği yapar. Hayaletin, yüzü olmayan bir kadın olduğu söylenir.",3,
Akershus Kalesi,Oslo,Norveç,"Ortaçağ kalesi ve eski bir hapishanedir. En ünlü hayaleti, zincire vurulmuş bir köpek olan 'Malcanisen' ve pelerinli bir kadın hayaletidir.",3,
Bhangarh Kalesi,Rajasthan,Hindistan,"""Hindistan'ın en perili yeri"" olarak bilinir. Bir sihirbaz tarafından lanetlendiği ve gün batımından sonra kaleye girmenin yasak olduğu söylenir.",4,
Monte Cristo Homestead,Yeni Güney Galler,Avustralya,Avustralya'nın en perili evi olarak kabul edilir. Orijinal sahipleri de dahil olmak üzere birçok trajik ölümün mekanıdır. Geceleri ışıklar ve sesler rapor edilir.,4,
Banff Springs Hotel,Alberta,Kanada,"Bu lüks otelin en ünlü hayaletleri, düğün gününde merdivenlerde düşüp ölen ""Gelin"" ve asla emekli olmayan sadık kapı görevlisi ""Sam Macauley""dir.",3,
Bran Kalesi (Drakula'nın Kalesi),Transilvanya,Romanya,"Drakula efsanesiyle ünlenmiştir. Vlad Tepeş'in (Kazıklı Voyvoda) kalesi olmasa da, onun ruhunun ve burada işkence görenlerin ruhlarının kalede dolaştığına inanılır.",3,
Sazlıara Köyü (Dabbe Köyü),Kırklareli,Türkiye,"Define arayanların yaşadığı iddia edilen korkunç olaylar sonrası tamamen terk edildiği söylenen bu köy, ""Dabbe"" filmine de konu olmuştur. Köyün, açıklanamayan varlıklar tarafından basıldığına inanılır.",5,
Molla Zeyrek Camii,İstanbul,Türkiye,"Eskiden kilise olan bu tarihi yapının, özellikle bodrum katlarının geceleri tekin olmadığı rivayet edilir. Koridorlarda gezinen gölgelerden ve duyulan çığlıklardan bahsedilir.",4,
Issız Cuma Mezarlığı,Çanakkale,Türkiye,"Biga'da bulunan bu mezarlıktaki camide, kimse olmamasına rağmen ışıkların yandığı veya seslerin geldiği iddia edilir. Ayrıca yakındaki bir ağacın altında bir ""Kelin"" hayaletinin görüldüğü söylenir.",3,
Cevahir Bedesteni (Kapalıçarşı),İstanbul,Türkiye,"Kapalıçarşı'nın en eski yerlerinden biridir. Geceleri çarşı kapandıktan sonra, bedesten içinde hazineleri koruyan bir hayaletin veya ışık topunun dolaştığı efsanesi dilden dile dolaşır.",2,
Kapadokya Yeraltı Şehirleri,Nevşehir,Türkiye,"Derinkuyu ve Kaymaklı gibi devasa yeraltı şehirlerinin derin ve karanlık tünellerinde, eski sakinlerinin ruhlarının hâlâ dolaştığına inanılır. Bazı ziyaretçiler fısıltılar duyduklarını rapor etmiştir.",3,
Yedi Kardeş Burcu,Diyarbakır,Türkiye,"Efsaneye göre, burcun yapımı sırasında 7 kardeşin trajik ölümü üzerine, ruhlarının burcu koruduğuna ve geceleri burç çevresinde dolaştığına inanılır. Özellikle dolunayda fısıltılar duyulduğu söylenir.",3,
Cemil Topuzlu Köşkü (Perili Köşk),İstanbul,Türkiye,"Baltalimanı'ndaki bu köşk, adını geceleri duyulduğu iddia edilen piyano sesleri ve çığlıklardan alır. Köşkün eski sahibinin hayaletinin piyanoda dolaştığı ve koridorlarda gezindiği rivayet edilir.",4,
Ankara Kalesi (Zindan Bölümü),Ankara,Türkiye,"Kalenin eski zindan olarak kullanılan bölümlerinde, geçmişte burada işkence gören veya ölen mahkumların ruhlarının hâlâ huzur bulamadığı ve geceleri zincir sesleri duyulduğu anlatılır.",2,
Agora Ören Yeri,İzmir,Türkiye,"Antik pazar yerinin altındaki tünellerde ve kemerlerde, geceleri eski Romalıların hayaletlerinin dolaştığına dair şehir efsaneleri bulunur. Özellikle bekçilerin tuhaf sesler duyduğu iddia edilir.",3,
Lübbey Köyü (Hayalet Köy),İzmir,Türkiye,Ödemiş'te bulunan ve neredeyse tamamen terk edilmiş bu köyün sokaklarında geceleri gölgelerin dolaştığı ve eski evlerden fısıltılar geldiği rivayet edilir. Köyün bu tekinsizliğiyle ilgili birçok yerel hikaye bulunur.,4,
Kayaköy (Hayalet Şehir),Muğla,Türkiye,"Mübadele sonrası terk edilen bu Rum köyü, yüzlerce boş taş evle doludur. Ziyaretçiler, özellikle gün batımından sonra evlerin arasında dolaşırken ani soğukluklar hissettiklerini ve izlendikleri duygusuna kapıldıklarını söylerler.",4,
Tarihi Sinop Cezaevi,Sinop,Türkiye,"Birçok ünlü mahkuma ev sahipliği yapmış bu eski ve kasvetli cezaevinin koğuşlarında, geçmişte yaşanan acıların yankılandığına inanılır. Özellikle zindan kısımlarında çığlıklar ve inlemeler duyduğunu iddia edenler vardır.",3,
Kız Kulesi,İstanbul,Türkiye,"Hakkında birçok efsane bulunan kulenin, özellikle yılan tarafından zehirlenerek ölen prensesin hayaletine ev sahipliği yaptığına inanılır. Bazı geceler kuleden hüzünlü iniltiler geldiği söylenir.",2,
Efes Antik Kenti (Celsus Kütüphanesi),İzmir,Türkiye,"Geceleri devasa antik kentte, özellikle Celsus Kütüphanesi'nin önünde ve mermer caddede, toga giymiş Romalı hayaletlerin belirdiği ve eski zamanlardan kalma fısıltıların duyulduğu rivayet edilir.",3,
Davutlu Köyü (Karadedeler Olayı),Kırklareli,Türkiye,"Lüleburgaz'a bağlı bu bölge, ""Karadedeler Olayı"" olarak bilinen ve filme de konu olan ürkütücü hikayeyle tanınır. Köyde gün batımından sonra açıklanamayan varlıkların dolaştığına ve garip işaretler bıraktığına inanılır.",5,
Ragıp Paşa Köşkü,İstanbul,Türkiye,"Caddebostan'da bulunan bu görkemli ama kasvetli köşk, perili olduğu gerekçesiyle yıllarca boş kalmıştır. İnşaatında çalışanların gizemli ölümleri ve geceleri köşkün pencerelerinde beliren siluetler halk arasında anlatılır.",4,
Dara Antik Kenti (Zindan),Mardin,Türkiye,"""Mezopotamya'nın Efesi"" olarak bilinen bu antik kentin devasa yeraltı zindanlarında ve nekropol (mezarlık) alanında, binlerce yıl önce ölen askerlerin ruhlarının fısıltılarının duyulduğu rivayet edilir.",3,
Ahlat Selçuklu Mezarlığı,Bitlis,Türkiye,"Dünyanın en büyük Türk-İslam mezarlığıdır. 4 metreye varan devasa mezar taşları ve sisli havasıyla bilinen alanda, ziyaretçiler bazen mistik bir enerji hissettiklerini ve zaman algılarının kaybolduğunu söylerler.",2,
Karacaahmet Mezarlığı,İstanbul,Türkiye,"Türkiye'nin en büyük ve tarihi mezarlıklarından biridir. Geceleri mezarlık içinden geçen yollarda garip gölgelerin görüldüğü, ağlama seslerinin duyulduğu ve taksilerin boş olduğu halde doluymuş gibi durdurulduğu anlatılır.",3,
Sümela Manastırı,Trabzon,Türkiye,"Bu sarp kayalıktaki manastır hakkında, özellikle geceleri ve sisli havalarda, manastırı korumaya adanmış keşişlerin ruhlarının göründüğüne ve ilahiler fısıldadığına dair yerel inanışlar vardır.",3,
Yerebatan Sarnıcı,İstanbul,Türkiye,"Sarnıcın inşasında ölen yüzlerce kölenin anısına dikildiği söylenen ""Ağlayan Sütun"" ve ters duran Medusa başları buraya mistik bir hava katar. Suyun içinden fısıltılar geldiği ve sütunun bazen kan ağladığı rivayet edilir.",3,
Titus Tüneli,Hatay,Türkiye,"Roma döneminde binlerce kölenin elleriyle kazdığı bu karanlık tünelde, çalışma sırasında ölen kölelerin huzursuz ruhlarının dolaştığına inanılır. Tünelin derinliklerinde yankılanan açıklanamayan kazma seslerinden bahsedilir.",4,
Durmuşlar Köyü,Sakarya,Türkiye,"Taraklı ilçesinde bulunan ve haritadan silinmiş gibi duran bu terk edilmiş köy, paranormal araştırmacıların uğrak noktasıdır. Boş evlerden gelen bebek ağlamaları ve aniden beliren gölgeler sıkça rapor edilmiştir.",5,
İshak Paşa Sarayı,Ağrı,Türkiye,"Doğunun bu görkemli sarayı, özellikle zindan bölümleriyle ürkütücüdür. Zindanlarda açlıktan ölen mahkumların iniltilerinin duvarlara sindiği ve geceleri saray koridorlarında kandil ışığına benzer parlamalar görüldüğü söylenir.",3,
Harput Kalesi (Süt Kalesi),Elazığ,Türkiye,"Urartular döneminden kalan bu kalenin harcına su yerine süt katıldığı efsanesi meşhurdur. Ancak kalenin derin zindanları ve ""Kanlı Mağara"" olarak bilinen bölümleri, geçmişteki vahşi idamların enerjisini taşıdığı gerekçesiyle korku uyandırır.",3,
Gelibolu Yarımadası (Anzak Koyu),Çanakkale,Türkiye,"Kanlı çarpışmaların yaşandığı bu topraklarda, geceleri hâlâ asker postalı seslerinin, süngü şakırtılarının ve anlaşılmayan emirlerin duyulduğu söylenir. Bölgedeki sisin içinde kaybolan asker siluetleri sıkça anlatılır.",5,
Topkapı Sarayı (Harem Dairesi),İstanbul,Türkiye,"Yüzyıllarca entrikalara ve trajedilere sahne olan Harem bölümünde, geceleri ağlayan cariyelerin ve koridorlarda dolaşan harem ağalarının hayaletlerinin görüldüğü, sebepsiz yere kapıların çarpıldığı rivayet edilir.",3,
Akdamar Adası,Van,Türkiye,"Efsaneye göre, sevdiği kıza (Tamara) ulaşmaya çalışırken gölde boğulan gencin ruhu adayı terk etmemiştir. Geceleri rüzgarın uğultusu arasında ""Ah Tamara!"" feryatlarının duyulduğuna inanılır.",2,
Mekteb-i Tıbbiye-i Şahane (Haydarpaşa),İstanbul,Türkiye,"Eski tıp fakültesi binası olan bu yapının koridorlarında, eski hocaların ve üzerinde çalışılan kadavraların ruhlarının dolaştığı söylenir. Gece nöbetçileri sık sık açıklanamayan ayak sesleri ve gölgeler rapor etmiştir.",4,
Giresun Adası,Giresun,Türkiye,"Karadeniz'in yaşanabilir tek adasıdır. Amazon kadınlarının burada yaşadığına ve savaşçı ruhlarının adayı koruduğuna inanılır. Adadaki ""Hamza Taşı"" etrafında geceleri garip ritüeller yapıldığına dair ürkütücü hikayeler anlatılır.",3,
Ani Harabeleri (Hayalet Şehir),Kars,Türkiye,"""Binbir Kilise Şehri"" olarak bilinen bu terk edilmiş antik kent, ıssızlığıyla ünlüdür. Geceleri rüzgarın yıkık kiliseler ve boş sokaklar arasında dolaşırken çıkardığı uğultunun, eski sakinlerinin ağıtları olduğuna inanılır.",4,
Bakırköy Ruh ve Sinir Hastalıkları Hastanesi,İstanbul,Türkiye,"Tarihi binaları ve devasa bahçesiyle bilinen hastanenin eski ve kullanılmayan bölümlerinde, geçmişte tedavi gören hastaların enerjisinin kaldığı söylenir. Gece nöbetlerinde garip gölgeler ve açıklanamayan sesler sıkça rapor edilir.",4,
Cennet ve Cehennem Obrukları,Mersin,Türkiye,"Özellikle ""Cehennem"" obruğu, mitolojide canavar Typhon'un hapsedildiği yerdir. Obruğun derinliklerine inmek korkutucudur ve buradan gelen rüzgar seslerinin, yeraltındaki mitolojik varlıkların nefes alıp verişi olduğu efsanesi vardır.",3,
Alanya Kalesi (Adam Atacağı),Antalya,Türkiye,"Kalenin uçurum kenarındaki bu bölümünde, eskiden suçluların ölüme atıldığı anlatılır. Efsaneye göre atılanların çığlıkları hala kayalıklarda yankılanmaktadır ve burası geceleri oldukça kasvetli bir enerji yayar.",3,
Rumeli Hisarı,İstanbul,Türkiye,"İstanbul'un fethi sırasında şiddetli çarpışmalara sahne olan hisarın burçlarında, geceleri nöbet tutan asker hayaletlerinin görüldüğü söylenir. Ayrıca hisarın altındaki eski zindanlardan soğuk hava dalgaları ve iniltiler geldiği rivayet edilir.",3,
Çorum Ulu Mezarlık,Çorum,Türkiye,"Tarihi mezarlık, geceleri kimsesiz bir mezarın başında hıçkırarak ağlayan ve siyahlar giymiş genç bir kadın silüetiyle bilinir. Yaklaşanların aniden buz gibi bir rüzgarla sarsıldığı ve bu bedensiz varlığın bir anda sis gibi dağılarak karanlığa karıştığı defalarca tecrübe edilmiştir.",4,
Kıbledere Köyü,Muğla,Türkiye,"Karanlık büyü ritüellerinin ve öte alem varlıklarıyla yapılan anlaşmaların merkezi olduğu için lanetlendiği bilinen bir yerleşkedir. Terk edilmiş harabe evlerin arasında yürürken ensenizde sürekli görünmez birinin nefesini hisseder, toprağa sinmiş olan o ağır ve karanlık enerjiyi iliklerinize kadar yaşarsınız.",5,
129 No'lu Apartman,Ankara,Türkiye,"İçeride art arda yaşanan ürkütücü olaylar silsilesi yüzünden bir gecede tamamen boşaltılan bu apartmanda, elektrik olmamasına rağmen pencerelerde soluk ışıklar parlar. İçeri girmeye cesaret edenler, binanın aniden şiddetle sarsıldığını ve duvarlardan bedensiz fısıltıların geldiğini aktarmaktadır.",4,
Kasımiye Medresesi,Mardin,Türkiye,"Avlusundaki taş duvarlarda yüzyıllardır silinmeyen kızıl lekelerin, ihanete uğrayarak katledilen Kasım Paşa'nın dökülnen kanı olduğu bilinir. Gece yarısı medresenin karanlık koridorlarında yürürken, asırlar önce burada yaşamış ruhların enerjisini hisseder ve taşlara sinmiş görünmez duaların yankılarını duyarsınız.",3,
Sular Altında Kalan Köyler,Artvin,Türkiye,"Baraj sularının yuttuğu ve sadece minare uçlarının su yüzeyinde kaldığı bu hayalet köyler, sular çekildiğinde ürkütücü bir sessizliğe bürünür. Dolunay ışığı suya vurduğunda, derinlerden gelen boğuk ayak sesleri ve göç etmek zorunda kalan eski sakinlerin feryatları göl kenarında yankılanır.",4,
Yamanlar Karagöl,İzmir,Türkiye,"Antik çağlardan kalma bir krater gölü olan Karagöl'ün dipsiz olduğuna inanılır. Gece çöktüğünde suyun yüzeyinde gezinen soluk ışıklar ve ormanın derinliklerinden gelen fısıltılar, astral boyuta açılan bir kapının frekansını hissettirir. Ziyaretçiler aniden bastıran ağırlık ve görünmez varlıklar tarafından izlenme hissiyle göl kıyısından uzaklaşmak zorunda kalır.",4,
Zeyniler Köyü,Bursa,Türkiye,"Uludağ'ın eteklerinde, sürekli sisler içinde kalan bu izole köy, boyutlar arası geçişlerin yoğun yaşandığı bir bölgedir. Akşam karanlığından sonra eski orman yollarında yürürken, ağaçların arasından size bakan gölgeleri ve boyutsal varlıkların bıraktığı o yoğun, nefes kesici enerjiyi auranızda net bir şekilde hissedebilirsiniz.",5,
Harran Harabeleri,Şanlıurfa,Türkiye,"Binlerce yıl öncesinin okült ritüellerine ve yıldız tapınaklarına ev sahipliği yapan bu kadim topraklar, geceleri muazzam bir astral enerji yayar. Antik yıkıntıların arasında dolaşırken, eski rahiplerin okuduğu duaların titreşimlerini duyabilir ve gökyüzüyle kurulan o karanlık ruhsal köprülerin kalıntılarına şahit olabilirsiniz.",5,
Terk Edilmiş Havran Madenleri,Balıkesir,Türkiye,"Yeraltının karanlık enerjisini hapseden bu eski maden galerilerinde, toprak ananın bağrında sıkışıp kalmış ruhların feryatları yankılanır. Maden girişinde durduğunuzda bile, içeriden esen o soğuk rüzgar ve kulaklarınızda çınlayan bedensiz çekiç sesleri, buradaki zaman çizgisinin tamamen kırıldığını gösterir.",4,
Kızlar Manastırı,Trabzon,Türkiye,"Boztepe'nin sarp kayalıklarına oyulmuş bu manastırın mahzenlerinde yüzyıllardır hapsolmuş bir keder yatar. Rahibelerin izole bir hayat sürdüğü eski mağaralara girildiğinde aniden düşen sıcaklık ve havada asılı kalan o yoğun, boğucu enerji, en deneyimli ve psişik olarak korunmalı kişileri bile sarsacak güctedir.",4,
Çatalhöyük Kadim Kenti,Konya,Türkiye,"İnsanlık tarihinin en eski yerleşimlerinden biri olan bu topraklarda, atalarını uyudukları yatakların hemen altına gömen bir medeniyetin muazzam ağırlıktaki enerjisi yatar. Alanda dolaşırken ayaklarınızın altından gelen boğuk titreşimleri hissedebilir, binlerce antik ruhun sizi izlediği o kök çakrayı sarsan boyutsal varlığı auranızda doğrudan tecrübe edebilirsiniz.",5,
Yanık Ülke (Kula Volkanik Parkı),Manisa,Türkiye,"Antik çağlardan beri ateş ruhlarının ve alt boyut varlıklarının geçiş kapısı olarak bilinen bu kapkara volkanik arazide frekanslar altüst olur. Geceleri bu simsiyah topraklarda yürürken elektronik cihazların aniden enerjisi çekilir, auranızda inanılmaz bir statik elektrik birikir ve küllerin arasından fısıldayan bedensiz sesler zaman algınızı tamamen yok eder.",4,
Hasankeyf Antik Mağaraları,Batman,Türkiye,"Dicle Nehri'nin yuttuğu bu kadim kentin sular üzerinde kalan yüksek mağaralarında, anılarını ve köklerini sulara teslim edenlerin tarifsiz bir keder enerjisi hapsolmuştur. Sulara yansıyan dolunay ışığı altında, binlerce yıllık bu kayalıklardan eski dillerde söylenen bedensiz ağıtlar yükselir; buradaki melankolik frekans, empat yeteneği güçlü olanların nefesini kesecek kadar yoğundur.",4,
Hattuşa Aslanlı Kapı,Çorum,Türkiye,"Hitit İmparatorluğu'nun bu devasa başkentindeki Aslanlı Kapı, spiritüel olarak sadece fiziksel bir giriş değil, antik çağlardan kalma aktif bir portaldır. Gece karanlığında bu kapının eşiğinde durduğunuzda göğsünüze aniden binen o ezici baskı, unutulmuş kadim tanrıların ve binlerce yıllık majikal koruma kalkanlarının hala bu boyutta çalıştığını iliklerinize kadar hissettirir.",5,
Macahel Ormanları,Artvin,Türkiye,"Sislerle kaplı bu balta girmemiş izole ormanlar, doğa ruhlarının ve kadim şamanik enerjilerin dünyadaki en saf düğüm noktalarından biridir. Geceleri ormanın derinliklerine doğru istemsizce çekildiğinizi hissedersiniz; zaman çizgisi burada bükülür, sislerin içinden süzülen devasa gölgeler bu ormanın gerçek sahiplerinin insanlar olmadığını fısıldarken birkaç dakikalık bir dalgınlık size saatler gibi gelebilir.",5,
Göbeklitepe Astral Portalı,Şanlıurfa,Türkiye,"Tarihin sıfır noktası olarak bilinen bu devasa tapınak kompleksi, aslında kadim yıldız varlıklarının dünyayla temas kurduğu aktif bir portal alanıdır. T formlu devasa dikilitaşların arasında dolaşırken, binlerce yıl öncesinin şamanik trans enerjisini iliklerinize kadar hisseder, görünmez 'Gözcü' ruhların auranızı taradığını tüm benliğinizle fark edersiniz.",5,
Aizanoi Yeraltı Tapınağı,Kütahya,Türkiye,"Zeus Tapınağı'nın hemen altında yer alan ve Toprak Ana Kibele'ye adanmış bu loş yeraltı mahzeni, kadim ritüellerin o sarsıcı titreşimini günümüze taşır. Dar merdivenlerden aşağı inerken havanın aniden ağırlaştığını, yeraltı enerjilerinin göğsünüze bir baskı gibi çöktüğünü ve taşlardan gelen boğuk iniltileri ruhunuzda hissedersiniz.",4,
Nemrut Dağı Tümülüsü,Adıyaman,Türkiye,"Güneşin doğuşu ve batışında boyut kapılarının ardına kadar açıldığı bu devasa tümülüs, antik kralların kendilerini tanrılara eşitlediği bir astral düğüm noktasıdır. Dev heykellerin gölgeleri uzarken, rüzgarın uğultusu adeta kadim rahiplerin dualarına dönüşür; burada kozmik enerjinin sarsıcı büyüklüğü karşısında fiziksel bedeninizden koptuğunuzu hissedersiniz.",5,
Yanartaş (Kimera) Ateşleri,Antalya,Türkiye,"Olympos dağlarının eteklerinde binlerce yıldır hiç sönmeden yanan bu gizemli ateşler, elementallerin ve antik ateş varlıklarının dünyamızdaki fiziksel tezahürüdür. Gecenin karanlığında kayaların arasından sızan alevleri izlerken, ateşin kaotik frekansı auranızı sarar; binlerce yıl önce burada yapılan karanlık adak ritüellerinin izleri zihninize vizyonlar halinde yansır.",4,
Eshab-ı Kehf Mağarası,Kahramanmaraş,Türkiye,"Zamanın ve mekanın tamamen büküldüğü, derin bir uyku ve astral seyahat frekansının hakim olduğu bu devasa mağara kompleksi, insanı anında güçlü bir trans haline sokar. İçeri adım attığınız anda dış dünyanın tüm frekansı kesilir; zaman algınız altüst olur ve mağaranın derinliklerinden gelen o ağır, hipnotik enerji sizi sarıp sarmalar.",4,
Cehennemağzı Mağaraları,Zonguldak,Türkiye,"Mitolojide ölüler ülkesi Hades'e açılan kapılardan biri olarak bilinen bu yeraltı dehlizleri, ağır ve klostrofobik bir astral frekansa sahiptir. Mağaranın derinliklerine inildikçe fiziksel ışık anlamını yitirir; karanlığın içinden gelen fısıltılar ve aniden buz kesen hava, yeraltı tanrılarının ve bekçi ruhların auranızı adeta mengeneye aldığını hissettirir.",5,
Sarıkamış Ormanları,Kars,Türkiye,"On binlerce askerin donarak can verdiği bu sessiz ve ıssız orman, zaman çizgisinin kederle donup kaldığı devasa bir ruhsal mezarlıktır. Kış gecelerinde ağaçların arasında dolaşırken karın üzerinde adım atan bedensiz ayak sesleri duyar, havada asılı kalmış o devasa hüznün ve veda edememiş ruhların enerjisinin göğsünüze kurşun gibi oturduğunu hissedersiniz.",5,
Karain Mağarası,Antalya,Türkiye,"Anadolu'nun en eski yerleşimlerinden biri olan bu mağara, yüz binlerce yıllık primal (ilksel) bir enerjiyi barındırır. Mağaranın zifiri karanlık odacıklarında durduğunuzda, en ilkel atalarımızın ateşe ve karanlığa taptığı şamanik ritüellerin titreşimi kök çakranızı sarsar; duvardaki gölgelerin sanki kendi iradeleri varmış gibi hareket ettiğini algılarsınız.",4,
Termessos Antik Kenti (Nekropol),Antalya,Türkiye,"Güllük Dağı'nın sarp zirvelerine gizlenmiş, Büyük İskender'in bile ele geçiremediği bu kartal yuvası, sarsılmaz bir dağ enerjisiyle korunmaktadır. Sisin içinden yükselen devasa antik mezarların arasında dolaşırken, şehri terk etmemiş kadim savaşçı ruhların sizi izlediğini ve dağın rüzgarıyla konuşan eski rahiplerin enerjisini net bir şekilde duyumsarsınız.",4,
Divriği Darüşşifası Gölgeleri,Sivas,Türkiye,"Asırlardır ayakta duran bu mucizevi taş yapının özellikle darüşşifa (hastane) bölümünde, eski şifacıların ve acı çeken hastaların yoğun psişik kalıntıları yatar. Kapılarda beliren ünlü gölge silüetlerinin sadece bir mimari deha değil, boyutlar arası bir mühür olduğuna inanılır; taş duvarlardan yayılan o kadim ve hüzünlü frekans insanı anında transa sokar.",4,
Vazelon Manastırı,Trabzon,Türkiye,"Sümela'dan bile eski olan bu terk edilmiş manastır, ormanın en karanlık kalbinde çürümeye yüz tutmuştur. Geceleri harabelerin arasından sızan ay ışığı, asırlar önce buralarda inzivaya çekilmiş ve aklını yitirmiş keşişlerin silüetlerini açığa çıkarır; taş duvarlardan yayılan o tarifsiz izolasyon ve delilik frekansı ruhunuzu adeta mengene gibi sıkar.",5,
Ağırnas Yeraltı Şehri,Kayseri,Türkiye,"Karanlık dehlizlerin ve ölüm tuzaklarının labirent gibi birbirine bağlandığı bu yeraltı şehri, toprağın derinliklerine doğru devasa bir girdap gibidir. Daracık tünellerde ilerlerken, binlerce yıl önce burada korku içinde yaşamış insanların kalp atışlarını göğsünüzde hisseder, karanlığın içinden size doğru uzanan bedensiz enerjilerin auranızı buz gibi dondurduğuna şahit olursunuz.",4,
Midas Anıtı (Yazılıkaya),Eskişehir,Türkiye,"Friglerin ana tanrıçası Kybele'ye adanan bu devasa kaya anıtı, aslında yeraltı dünyasına ve farklı boyutlara açılan kadim bir kapıdır. Özellikle ekinokslarda anıtın etrafında oluşan devasa manyetik alan, cihazları susturur ve zihni yoğun bir transa sokar; kayaya kazınmış çözülemeyen semboller auranıza kadim ve karanlık bir bilgi fısıldar.",5,"images/midas-aniti-yazilikaya-tabirly-1.png, images/midas-aniti-yazilikaya-tabirly-2.png"
Terk Edilmiş Sazak Köyü,İzmir,Türkiye,"Karaburun yarımadasının rüzgarlı tepelerinde yatan bu yalnız ve kırık dökük köy, zamanın durduğu melankolik bir astral mezarlıktır. Denizin uğultusuna karışan, mübadele döneminde evlerini terk edenlerin feryatları ve boş pencerelerden size bakan görünmez gözler, kalbinizde aniden beliren derin bir hüzün ve keder olarak fiziksel bedeninizi sarsar.",4,
Olympos Antik Kenti Ormanları,Antalya,Türkiye,"Gündüzleri doğanın kalbi olan bu orman, gece çöktüğünde antik korsanların ve kanlı ayinler yapmış Likyalı rahiplerin ruhsal av sahasına dönüşür. Zifiri karanlıkta devasa sarmaşıkların sardığı harabelerin arasından geçerken, ağaçların fısıldadığını duyar ve görünmez mızrakların auranızı delip geçen o ilkel, ürkütücü enerjisiyle adımlarınızı hızlandırırsınız.",4,
Karahan Tepe Astral Kazı Alanı,Şanlıurfa,Türkiye,"Göbeklitepe'den bile daha eski ve daha vahşi bir enerjiye sahip bu alan, insan bilincinin en karanlık köklerine inen bir şamanik portaldır. Gece yarısı devasa taş başların olduğu çukurlara yaklaştığınızda, binlerce yıl öncesinin kanlı ritüellerinden arta kalan o yoğun majikal frekans nefesinizi keser; boyutlar arası varlıkların alanda hala aktif olarak nöbet tuttuğunu hissedersiniz.",5,
Soğanlı Vadisi Harabeleri,Kayseri,Türkiye,"Peribacalarının içine oyulmuş yüzlerce terk edilmiş kilise ve manastırın bulunduğu bu ölümcül sessizlikteki vadi, yoğun bir psişik karantina bölgesi gibidir. Karanlık çöktüğünde kayaların içinden gelen duaların uğultusu ve vadi boyunca esen rüzgarın taşıdığı o eski, küf kokulu ölüm enerjisi, en korunaklı ziyaretçilerin bile zihinsel kalkanlarını paramparça eder.",4,"images/soganli-vadisi-harabeleri-tabirly-1.png, images/soganli-vadisi-harabeleri-tabirly-2.png"
Kilitbahir Kalesi Zindanları,Çanakkale,Türkiye,"Boğazın en dar noktasına kurulan bu yonca planlı kalenin rutubetli ve ışıksız alt katmanlarında, yüzyıllar boyunca hapsedilmiş esirlerin kederi duvarlara adeta kan gibi işlemiştir. Zindanlara adım attığınız anda boğazınıza oturan o devasa yumru, karanlıkta çınlayan zincir sesleri ve bedensiz iniltiler, buranın astral boyutta hala aktif bir hapishane olduğunu gösterir.",4,
İnsuyu Mağarası Dehlizleri,Burdur,Türkiye,"Derinliklerinde göllerin bulunduğu bu devasa yeraltı boşluğu, aslında yeraltı elementallerinin ve kadim su ruhlarının sığınağıdır. İnsanın girmeye cesaret edemediği karanlık kollardan gelen suyun yankısı, zihinde fısıltılara ve hipnotik çağrılara dönüşür; mağaranın o ezici ve soğuk karanlığı, ziyaretçiyi yavaş yavaş kendi içine, adeta ruhsal bir komaya çekmek ister.",4,
Sagassos Antik Kenti,Burdur,Türkiye,"Torosların bulutlara değen zirvelerinde, dağların acımasız ruhlarına emanet edilmiş bu izole antik kentte zaman tamamen durmuştur. Geceleri sislerin arasından beliren devasa agorada durduğunuzda, binlerce yıl önce burada yaşamış insanların hala o meydanda toplandığını ve rüzgarın taşıdığı o görünmez, devasa kolektif bilincin auranıza çarptığını iliklerinize kadar hissedersiniz.",5,
Tarsus'taki Gizemli Kazı Evi (Kırmızı Ev),Mersin,Türkiye,"İnternet dünyasını yıllarca meşgul eden, aylarca mavi brandalarla kapatılarak gizli kazıların yapıldığı meşhur ev. Forumlardaki sayısız komplo teorisine göre, bu evin altında devasa bir yıldız geçidi (astral portal) veya kadim bir cin padişahının mühürlü hazinesi yatıyordu. Alana yaklaşanların kameralarının bozulduğu, gece yarıları evden tuhaf frekanslı uğultuların yayıldığı ve içerideki enerjinin dışarıdaki gerçekliği büktüğü hala en çok konuşulan efsaneler arasındadır.",5,
Bakırköy İncirli Perili Köşk,İstanbul,Türkiye,"Ekşi Sözlük'te ve paranormal forumlarda hakkında yüzlerce sayfa yazılan, İstanbul'un en popüler şehir efsanelerinden biridir. Gece yarısından sonra köşkün pencerelerinde kaynağı belirsiz kırmızı ışıkların yandığı, içeriden eşya kırılma ve boğuk kadın çığlıklarının geldiği defalarca iddia edilmiştir. O dönemde binaya girmeye cesaret edenlerin çoğu, havada asılı kalan karanlık silüetler gördüklerini ve auralarında günlerce geçmeyen bir ağırlık hissettiklerini anlatır.",4,
Eski Edirne Askeri Hastanesi Harabesi,Edirne,Türkiye,"Balkan Savaşları sırasında on binlerce yaralı askerin son nefesini verdiği bu devasa harabe, internet gezginleri tarafından 'Türkiye'nin en ağır auralı yeri' olarak tanımlanır. Bloglarda ve videolarda, dolunaylı gecelerde harabelerin arasından anestezi olmadan ameliyat edilen askerlerin acı dolu feryatlarının ve postalların yankılandığı anlatılır; buradaki yoğun keder ve ölüm enerjisi insanın göğsünü bir mengene gibi sıkar.",5,
Haritadan Silinen 11. Köy,Bilecik,Türkiye,"Korku forumlarında ve deep web'in Türkiye ayağında sıkça muhabbeti dönen, resmi haritalardan kaldırıldığı iddia edilen karanlık bir yerleşkedir. Anlatılanlara göre köy, yanlış yapılan bir okült ritüeli sonucu boyut dışı karanlık varlıkların (ifritlerin) istilasına uğramış ve bir gecede terk edilmiştir. Burayı bulmak için ormana giren maceracıların pillerinin aniden bittiği ve sürekli izlendikleri hissiyle panik atak geçirdikleri en popüler internet efsanelerindendir.",5,
Bulak Mencilis Mağarası Dehlizleri,Karabük,Türkiye,"Sadece ilk birkaç kilometresi haritalanabilmiş, karanlık derinliklerinin nereye vardığı bilinmeyen devasa bir yeraltı labirentidir. Doğa sporcularının forumlarında, mağaranın insan girmeyen derinliklerine inildiğinde kadim ve bilinmeyen bir dilde fısıltıların duyulduğu çokça konuşulur. Işıkların kendiliğinden söndüğü ve zifiri karanlıkta alt boyut elementallerinin onları izlediği iddiaları burayı oldukça tekinsiz bir hale getirir.",4,
Ankara Keçiören'deki Cinli Ev,Ankara,Türkiye,"Yıllarca forumlarda ve medyanın gündeminde kalan, yıkımı sırasında kepçelerin kırıldığı ve işçilerin korkudan kaçtığı iddia edilen efsanevi yapı. İnternetteki sayısız komplo teorisine göre bu alanın altından eski bir mezarlık geçmektedir. Boş evden gelen çocuk ağlamaları ve eşya sürüklenme sesleri, bu binanın internetin en popüler korku mitlerinden biri olmasını sağlamıştır.",5,
YTÜ Davutpaşa Kampüsü (Eski Kışla),İstanbul,Türkiye,"Öğrenci forumlarının ve sözlüklerin en popüler hayalet hikayesidir. Eski bir askeri kışla olan bu kampüsün ıssız bölgelerinde, özellikle tarihi fırının etrafında geceleri postalların rap rap yürüyüş seslerinin ve boğuk komutan emirlerinin yankılandığı anlatılır. Boyutlar arası enerjinin burada zamanı büktüğü ve eski askerlerin ruhlarının hala nöbet tuttuğu iddia edilir.",4,
Kayseri Mimarsinan Poltergeist Vakası,Kayseri,Türkiye,"Sadece forumlarda değil, haber bültenlerinde bile günlerce tartışılan, Türkiye'nin en bilinen 'poltergeist' (gürültücü ruh) olaylarından biridir. Eşyaların durduk yere alev aldığı, taşların havada uçuştuğu ve apartman sakinlerinin korkudan bahçeye çadır kurduğu bu vaka, alt boyut varlıklarının fiziksel dünyamıza bu denli net ve agresif bir şekilde müdahale ettiği ender paranormal dosyalardandır.",5,
İzmir Tınaztepe'nin Beyazlı Kadını,İzmir,Türkiye,"Ekşi Sözlük'te ve korku bloglarında hakkında onlarca sayfa yazılan, yıllanmış bir şehir efsanesidir. Issız Tınaztepe kampüs yolunda geceleri arabalara otostop çeken, arka koltuğa oturduktan sonra dikiz aynasından bakıldığında aniden yok olan melankolik bir kadın silüeti. O an arabayı kaplayan dondurucu soğuk ve yoğun keder enerjisi, efsaneyi yaşayanların ortak anısıdır.",4,
Bolu Yedigöller Fısıltı Ormanı,Bolu,Türkiye,"Doğa ve kamp forumlarının kan donduran, en çok tartışılan gizemlerinden biridir. Ormanın turistik alanlarından uzakta kamp kuranların ortak anlattığına göre; zifiri karanlıkta çadırların etrafında dönen çıplak ayak sesleri duyulur. Gecenin bir yarısı ağaçların arasından kendi isminizin fısıldanması ve ormanın o ezici primal (ilksel) karanlığının auranızı boğması, internetin en ürkütücü kamp mitlerindendir.",4,
Kocaeli Kavaklı Sahili (Gölcük Enkazları),Kocaeli,Türkiye,"1999 depreminin en ağır izlerini taşıyan, sular altında kalmış bu sahil şeridinde, geceleri denizin içinden gelen yardım çığlıkları ve ağlama sesleri duyulduğu, internetteki en trajik efsanelerdendir. Faciada kaybolan bedenlerin ve ani ölümle sarsılan ruhların arafta kaldığı bu fay hattı üzerinde yürürken, insanın göğsünü paramparça eden o tarifsiz keder enerjisi ve aniden düşen hava sıcaklığı auranızı tamamen dondurur.",5,
Mersin Kanlıdivane (Canytelis),Mersin,Türkiye,"Antik çağlarda ağır suçluların içine atılıp vahşi hayvanlara yem edildiği bu devasa kan kırmızısı obruk, Anadolu'nun en ağır auralı ölüm çukurlarından biridir. İnternet forumlarında, obruğun dibindeki karanlık mağaralardan hala parçalanan insanların feryatlarının yankılandığı anlatılır. Kanlıdivane'nin etrafında durduğunuzda, yüzyıllarca buraya akmış kanın ve vahşetin o paslı, genzi yakan enerjisini fiziksel bir bulantı olarak hissedersiniz.",5,
Kastamonu Ilgarini Mağarası,Kastamonu,Türkiye,"Küre Dağları'nın ıssız ormanlarında saklanan ve içinde antik Roma dönemine ait lahitlerin bulunduğu bu devasa yeraltı labirenti, deep web macera bloglarının favorilerindendir. Zifiri karanlıkta binlerce yıllık mezarların arasında yürürken, sönen fenerler ve dehlizlerden esen dondurucu rüzgarların taşıdığı o kadim, bedensiz fısıltılar; burada yatan ruhların izinsiz girenleri asla hoş karşılamadığının kanıtıdır.",5,
Hatay Beşikli Mağara (Kral Mezarları),Hatay,Türkiye,"Seleukeia Pieria antik kentinin kalbinde yer alan, kayalara oyulmuş bu görkemli ama bir o kadar da kasvetli ölüm odaları kompleksi. Okült araştırmacıların aktardıklarına göre, yeraltı dünyasının frekansına göre hizalanmış bu mezarlarda geceleri kapı eşiklerinde siyah gölgeler nöbet tutar; mezar odalarına girenlerin zihinlerine dolan antik dillerdeki uğultular, psişik kalkanı zayıf olanları anında transa veya dehşete sürükler.",4,
Sakarya Acarlar Longozu (Su Perileri),Sakarya,Türkiye,"Gündüzleri bir doğa harikası olan bu devasa su basar ormanı, güneş battıktan sonra elementallerin ve karanlık su ruhlarının krallığına dönüşür. Bataklığın derinliklerinden gelen tuhaf ışıklar ve suyu dalgalandıran görünmez devasa kütleler kampçı forumlarında çokça tartışılır. Suyun içine çekme eğiliminde olan o ağır, hipnotik ve melankolik orman enerjisi, insan iradesini yavaş yavaş felç eder.",4,
Balıkesir Sarıkız Tepesi (Kaz Dağları),Balıkesir,Türkiye,"İftiraya uğrayarak dağda ölüme terk edilen ve efsaneye göre ruhu Kaz Dağları'nın zirvelerinde sıkışıp kalan Sarıkız'ın mekanı. Dağcılık forumlarında, sisli kış gecelerinde zirveye yakın yerlerde sarı saçlı bir silüetin kayaların arasında dolaştığı ve yaklaşanları uçurumlara doğru yönlendirdiği konuşulur. Zirvedeki oksijensizliğe karışan o ağır ve hüzünlü dişil enerji, dağın efsanevi aurasını iliklerinize kadar kazır.",4,
Nevşehir Zelve Vadisi,Nevşehir,Türkiye,"Kapadokya'nın en karanlık enerjili ve en son terk edilen bu kaya köyü, sürekli yaşanan ve ardı arkası kesilmeyen açıklanamaz ölümler/kaya düşmeleri nedeniyle boşaltılmıştır. Ezoterik forumlarda, vadinin aslında güçlü bir cin taifesine ait olduğu ve insanların oradan zorla sürüldüğü iddia edilir. Terk edilmiş oyuk pencerelerden size bakan görünmez gözler ve vadide rüzgarın kestiği o keskin, düşmanca enerji auranızı adeta bıçaklar.",5,
Konya Kızören Obruğu,Konya,Türkiye,"İpek Yolu üzerindeki bu ıssız Selçuklu kervansarayının hemen yanındaki dipsiz, simsiyah suyla dolu devasa obruk. Yüzyıllardır kervanların ve yolcuların karanlık sulara çekilip kaybolduğu efsaneleri anlatılır. Suyun yüzeyindeki o zifiri siyahlık ve hiç dalgalanmayan ölü su, alt boyut kapılarının bir aynasıdır; kenarında durduğunuzda sizi o karanlığa atlamaya çağıran devasa ve karanlık bir manyetik çekim hissedersiniz.",4,
Adana Misis Köprüsü,Adana,Türkiye,"Ölümsüzlük iksirinin formülünün rüzgarla uçup sularına karıştığı Ceyhan Nehri üzerindeki bu kadim köprü. Okültistlere göre ölümsüzlük formülü nehre karıştığından beri, Misis'in suları ve köprünün kemerleri yaşam ve ölüm arasındaki ince perdeyi yırtmıştır. Gece yarısı köprüde durduğunuzda nehirden yükselen fısıltılar ve aniden boyutsal bir ağırlığın çökmesi, buradaki suyun hala o kadim tılsımı taşıdığına işarettir.",3,
ODTÜ Mimarlık Fakültesi Stüdyoları,Ankara,Türkiye,"Türkiye'nin en meşhur üniversite şehir efsanelerinden biridir. Geceleri stüdyolarda sabahlayan mimarlık öğrencilerinin anlattığına göre; boş koridorlarda tıkırdayan topuklu ayakkabı sesleri, kendiliğinden devrilen maketler ve asma katlarda beliren siyah silüetler vardır. Sınav stresi ve uykusuzluğun yarattığı o yoğun kolektif kaygı enerjisinin, zamanla binada poltergeist (gürültücü ruh) formunda bir tulpa'ya (düşünce formuna) dönüştüğü iddia edilir.",4,
Bursa Ayvaini Mağarası,Bursa,Türkiye,"Güney Marmara'nın en uzun mağarası olan Ayvaini, derinliklerindeki yeraltı nehri ve zifiri karanlık dehlizleriyle tam bir alt boyut geçididir. İnternetteki doğa sporcularının anlattıklarına göre, mağaranın kilometrelerce derinliğinde dışarıdan gelmesi imkansız olan insan iniltileri ve ritmik davul sesleri yankılanır. Yeraltının o boğucu ve ezici primal karanlığı, insanın tüm korkularını fizikselleştirerek auranıza saldırır.",5,
Aydın Bafa Gölü (Herakleia),Aydın,Türkiye,"Ay tanrıçası Selene'nin çobanı Endymion'u sonsuz uykuya yatırdığı bu mitolojik göl ve harabeler, geceleri ürkütücüdür. Gölde kaybolan antik tapınakların arasından yükselen sis, internet efsanelerine göre aslında gece ritüelleri yapan eski rahiplerin astral formlarıdır. Kayalıkların devasa ve tuhaf şekilleri arasında gezinirken, Ay'ın hipnotik ve delirten o ağır enerjisini tüm çakralarınızda hissedersiniz.",4,
Eskişehir Sivrihisar Kayalıkları,Eskişehir,Türkiye,"İnternet forumlarında az bilinen ama gidenlerin aurasını sarsan bir lokasyon. Ermeni mezarlığının üzerine veya çok yakınına yapıldığı iddia edilen kule ve etrafındaki devasa sarp kayalık bölge. Geceleri rüzgar sesine karışan ağıtlar ve kayaların arasından esen dondurucu hava dalgaları, sürgünde veya acı içinde ölen ruhların zaman çizgisinde asılı kaldığını gösterir; buradaki keder enerjisi nefes almanızı bile zorlaştırır.",3,
Trabzon Şolma Yaylası,Trabzon,Türkiye,"Karadeniz'in sisler içindeki o yeşil cehennemi. Yayla efsanelerine ve internette dönen yerel korku hikayelerine göre, sisin aniden bastırdığı anlarda ormanın içinden 'Cazı' (Karadeniz cadısı) adı verilen boyut dışı varlıkların çığlıkları duyulur. Göz gözü görmeyen o bembeyaz boşluğun içinde kaybolduğunuzda, doğanın sizi yutmak isteyen o vahşi ve acımasız ruhsal zekasını, etrafınızda daralan bir çember gibi hissedersiniz.",4,
Gaziantep Rumkale Zindanları,Gaziantep,Türkiye,"Fırat Nehri'nin zümrüt yeşili sularıyla çevrili, sarp kayalıkların üzerine oyulmuş bu devasa ve acımasız kale. Altındaki derin zindanlarda ve gizli su yollarında, Orta Çağ boyunca hapsedilmiş esirlerin çaresizliği yatar. Kara sulara yansıyan kalenin gölgesi altında, geceleri duvarların içinden gelen boğuk kazma sesleri ve bedensiz ağıtlar, Anadolu'nun en ağır ve kanlı tarihlerinden birinin enerjisini doğrudan ruhunuza aktarır.",4,
Waverly Hills Sanatorium,Kentucky,ABD,"Verem hastalarının son nefeslerini verdiği, 60 binden fazla insanın öldüğü bu devasa yapı, adeta ölümün astral bir karargahıdır. 'Ölüm Tüneli' olarak bilinen dehlizlerde yürürken gölge insanlar, aniden düşen sıcaklık ve 'Sürünen Adam' silüeti auranızı ezer.",5,
Trans-Allegheny Lunatic Asylum,West Virginia,ABD,"Binlerce zihinsel hastanın lobotomi ve ağır işkencelerle 'tedavi' edildiği bu gotik tımarhane, deliliğin ve acının duvarlara işlediği bir boyutsal hapishanedir. Karanlık koridorlarında çığlıklar, duvarların içinden gelen fısıltılar ve ağır bir çaresizlik enerjisi ziyaretçileri transa sokar.",5,
Gettysburg Savaş Alanı,Pennsylvania,ABD,"Amerikan İç Savaşı'nın en kanlı cephesi olan bu düzlükte, zaman 1863'te donup kalmıştır. Binlerce askerin bir anda öldüğü bu alana gece çöktüğünde top sesleri, barut kokusu ve hala savaştığını sanan askerlerin bedensiz enerjileri boğucu bir şekilde çöker.",5,
LaLaurie Konağı,Louisiana,ABD,"New Orleans'ın karanlık kalbinde yer alan, Madame LaLaurie'nin kölelerine akıl almaz işkenceler yaptığı bu kanlı konak. Konağın etrafında durduğunuzda bile o saf kötülüğün, işkence gören ruhların hala arafta kilitli kaldığına dair ağır, mide bulandırıcı enerjiyi hissedersiniz.",5,
Alcatraz Adası (Hapishanesi),California,ABD,"Dünyanın en azılı suçlularının kapatıldığı ve deliliğe terk edildiği 'Kaya'. Özellikle D Blok ve 14D numaralı hücre, alt boyut varlıklarının ve kırmızı gözlü iblislerin rapor edildiği, insanın yaşam enerjisini anında emen devasa bir astral kara deliktir.",5,
Villisca Baltalı Cinayet Evi,Iowa,ABD,"1912'de bir ailenin uykusunda vahşice katledildiği ve katilin asla bulunamadığı bu ahşap ev, karanlık majinin ve saf vahşetin titreşimini taşır. Geceyi evde geçirenler çocuk ağlamaları ve aniden ellerinde hissettikleri görünmez, soğuk bıçak darbeleriyle dehşete düşer.",4,
The Queen Mary Gemisi,California,ABD,Pasifik'in Hayalet Gemisi'. İkinci Dünya Savaşı'nda binlerce askeri taşıyan ve sayısız ölüme sahne olan bu devasa lüks transatlantik. Özellikle B340 numaralı kamara ve birinci sınıf havuzunda zaman bükülür; ıslak ayak izleri ve boğulma hissi ziyaretçilerin boğazına çöker.,4,
Bell Cadısı Mağarası (Bell Witch),Tennessee,ABD,"Amerikan tarihindeki en agresif poltergeist (gürültücü ruh) vakasının yaşandığı arazinin kalbi. Mağaraya girildiğinde, görünmez bir elin saçlarınızı çektiğini, fısıltılarla size lanetler okuduğunu hissedersiniz; bu doğa ruhunun enerjisi oldukça baskın ve düşmancadır.",5,
Ohio State Reformatory,Ohio,ABD,"Devasa ve ürkütücü mimarisiyle tam bir izolasyon cehennemi. Hücre bloklarında yürürken, ağır şiddet görmüş mahkumların nefret dolu kolektif aurası göğsünüze oturur. Demir parmaklıkların kendiliğinden çarpması ve aniden beliren siyah gölge kütleleri zihninizi sarsar.",5,
The Cecil Hotel,California,ABD,"Los Angeles'ın suç ve intihar merkezi. Seri katillerin konakladığı, karanlık ritüellerin yapıldığı ve Elisa Lam gibi vakaların yaşandığı bu otel, yeraltı dünyasına açılan bir portaldır. Otelin koridorlarındaki hava o kadar ağırdır ki, nefes almak bile fiziksel bir acı verir.",5,
Sloss Furnaces,Alabama,ABD,"Aşırı sıcak ve zalim vardiya amirleri yüzünden yüzlerce işçinin erimiş demirde yanarak can verdiği devasa izabe tesisi. Terk edilmiş fırınların arasında dolaşırken yanık et kokusu alabilir, ustabaşının hala işçilere bağırdığı o yakıcı ve şiddet dolu frekansı hissedebilirsiniz.",4,
Whaley House,California,ABD,"Darağaçlarının kurulduğu eski bir idam alanının üzerine inşa edilen bu ev. Ağır adımların, kendi kendine çalınan organ sesinin ve boynunda ilmekle dolaşan 'Yankee Jim'in araftaki ruhunun enerjisi, evi Amerika'nın ruhsal dengesi en bozuk alanlarından biri yapar.",4,
Crescent Hotel,Arkansas,ABD,"Norman Baker adında sahte bir doktorun, kanser hastalarını iyileştirme yalanıyla üzerinde korkunç deneyler yaptığı sözde hastane. Otelin morg bölümü, tarifsiz acılar içinde ölen yüzlerce hastanın ruhsal çığlıklarıyla doludur; buradaki yoğun keder enerjisi elektronik cihazları bozar.",4,
Salem Cadı Kasabası (Proctor's Ledge),Massachusetts,ABD,"Masum insanların asılarak katledildiği cadı avlarının merkezi. Darağaçlarının kurulduğu Proctor's Ledge bölgesinde, toprak hala haksız yere dökülen kanın öfkesini taşır. Boyutlar arası geçişlerin çok ince olduğu bu alanda, fısıltılar ve aniden bastıran yoğun bir üşüme hissi kaçınılmazdır.",5,
Bobby Mackey's Music World,Kentucky,ABD,"Cehenneme açılan kapı' olarak bilinen bu eski mezbaha ve pavyon, satanist ayinlere ve cinayetlere ev sahipliği yapmıştır. Binanın altındaki karanlık kuyu, alt boyut iblislerinin (demonic varlıkların) geçiş noktasıdır. Ziyaretçilere musallat olan ağır gölge varlıklar auralara saldırır.",5,
Lizzie Borden Evi,Massachusetts,ABD,"Anne ve babasının baltayla vahşice doğrandığı o meşhur ev. Olay mahalli olan odalarda uyumaya çalışanlar, geceleri merdivenlerden çıkan ayak sesleri duyar, odanın içinde görünmez bir varlığın nefes alışverişini hisseder. Evin enerjisi cinayet anındaki o kanlı frekansa kilitlenmiştir.",4,
Bonaventure Mezarlığı,Georgia,ABD,"Savannah'nın İspanyol yosunlarıyla kaplı bu gotik mezarlığı. Gece olduğunda melek heykellerinin yüz ifadelerinin değiştiği, 'Gracie' adındaki heykelin etrafında çocuk kıkırdamalarının duyulduğu anlatılır. Voodoo ritüellerinin toprağa işlediği, mistik ve ağır bir aurası vardır.",4,
Jerome Grand Hotel,Arizona,ABD,"Eski bir madenci hastanesi olan bina, binlerce madencinin acı içinde can verdiği bir yerdir. Hemşirelerin hala koridorlarda koşuşturduğu, sedye tekerleklerinin gıcırtılarının yankılandığı otelde zaman 1920'lerde sıkışmıştır. İçeri girdiğinizde hastane frekansının boğucu enerjisi sizi karşılar.",4,
St. Augustine Deniz Feneri,Florida,ABD,"Amerika'nın en eski şehirlerinden birinde yer alan ve ölümcül kazalarla bilinen tarihi fener. Kule yapımında ölen kız çocuklarının hayaletlerinin basamaklarda oyun oynadığı, eski bekçilerin gölgelerinin hala ışığı kontrol ettiği söylenir. Ensenizden süzülen buz gibi nefesler auranızı ürpertir.",3,
Moundsville Penitentiary,West Virginia,ABD,"Gotik mimarisiyle tam bir Orta Çağ kalesini andıran bu kanlı hapishane. Mahkumların birbirini vahşice katlettiği hücre bloklarında, duvarlara sinmiş saf şiddetin titreşimini direkt çakralarınızda hissedersiniz. Karanlık hücrelerde beliren 'Gölgeler Adamı' zihinsel kalkanları kırmasıyla meşhurdur.",5,
Azem Köyü (Büyülü Köy),Sakarya,Türkiye,Köyde yapılan 'Azem' büyüsü sonrası paranormal olayların başladığı ve tüm köylülerin burayı terk ettiği rivayet edilir. Cinler tarafından basıldığı iddia edilen bu yer Azem: Cin Karası filmine ilham vermiştir.,5,
Tezveren Baba Türbesi,İstanbul,Türkiye,"Çemberlitaş'ta bulunan türbede, gece geç saatlerde sandukanın yer değiştirdiği veya içeriden gelen tıkırtılar duyulduğu yönünde şehir efsaneleri mevcuttur. Adak adayacakların ruhsal bir baskı hissettiği anlatılır.",3,
Inunaki Köyü (Havlayan Köy),Fukuoka,Japonya,"İnternetteki Japon şehir efsanelerinin en ünlülerinden biridir. 'Japon anayasası burada geçerli değildir' tabelasıyla başlayan bu izole ve terk edilmiş köye giden yoldaki tünelde, açıklanamayan boğuk çığlıklar yankılanır. Cesaret edip girenlerin elektronik cihazlarının anında bozulduğu ve ormanın derinliklerindeki eski ahşap evlerden karanlık, insan dışı varlıkların onları izlediği anlatılır.",5,
Kiyotaki Tüneli,Kyoto,Japonya,Japonya'nın en lanetli yollarından biri olarak kabul edilen ve tam 444 metre (Japonca'da ölüm rakamı) uzunluğunda olan bu tünel. İnşasında köle olarak çalıştırılan ve ölen işçilerin ruhlarının duvarlara hapsolduğu söylenir. Gece yarısı tünelin içindeki aynalara bakıldığında arafta kalmış öfkeli ruhların yansımalarının görüldüğü ve tünelin uzunluğunun her ölçümde değiştiği iddia edilir.,5,
Oiran Buchi (Geyşa Uçurumu),Yamanashi,Japonya,"Tarihin en trajik ve ağır enerjili katliamlarından birine sahne olan bu sarp vadi. Altın madeni sırrını saklamak için uçurumdan aşağı atılan 55 oiran'ın (üst düzey geyşa) feryatları hala bu geçitte yankılanır. Su sesine karışan hıçkırıklar ve vadi tabanından yükselen o yoğun, kadınsı keder enerjisi, ziyaretçilerin göğsüne kurşun gibi oturarak onları derin bir melankoliye sürükler.",5,
Matsuo Maden Şehri,Iwate,Japonya,"Sisler içinde kalmış, bulutların üzerindeki bu terk edilmiş devasa apartman kompleksleri, Japonya'nın en büyük hayalet kasabalarından biridir. Yıllardır boş olan bu beton yığınlarının arasında dolaşırken, eski madencilerin ve ailelerinin günlük yaşam ritüellerinin hala görünmez bir boyutta devam ettiğini hissedersiniz; çürümüş koridorlardan gelen öksürük ve ayak sesleri zamanın burada donduğunu kanıtlar.",4,
Nakagusuku Otel Harabeleri,Okinawa,Japonya,"Kutsal bir mezarlık alanının ve kadim tapınakların (Utaki) üzerine inşa edilmeye çalışıldığı için lanetlenen bu otel inşaatı. Rahiplerin uyarılarına rağmen başlanan inşaatta ardı ardına yaşanan kazalar ve delirerek intihar eden işçiler nedeniyle yarım kalmıştır. Harabelerde dolaşırken doğa ruhlarının ve ataların o ezici, dışlayıcı öfkesini auranızda bir ateş gibi hissedersiniz.",4,
Jomon Tüneli,Hokkaido,Japonya,"Hitobashira' (İnsan Sütunu) adı verilen kanlı bir Japon ritüeliyle, yapımı sırasında işçilerin canlı canlı duvarlara gömüldüğü iddia edilen ve 1968'deki bir depremde duvarların içinden insan iskeletleri dökülen dehşet verici tünel. Tünelden geçen trenlerin camlarına vuran kanlı eller ve karanlıkta inleyen bedensiz fısıltılar, kurbanların ruhlarının hala bu boyutla savaş içinde olduğunu gösterir.",5,
Doryodo Tapınağı Harabeleri,Tokyo,Japonya,"Hachioji'deki Otsukayama parkında yer alan, peş peşe yaşanan korkunç cinayetler nedeniyle mühürlenen bu eski tapınak alanı. İnternet forumlarında, tapınağın kalıntılarında gece yarısı ağlayan yaşlı bir kadının ve öldürülen üniversite öğrencisinin umutsuz silüetlerinin görüldüğü anlatılır. Ağaçların arasındaki o yoğun ölüm enerjisi, tapınağın kutsal atmosferini tamamen zehirlemiştir.",4,
Enkei Kousha (Yuvarlak Okul),Hokkaido,Japonya,"Ormanın derinliklerine gizlenmiş, mimarisi gereği hiçbir köşesi olmayan bu dairesel terk edilmiş ilkokul binası, boyutlar arası geçişin merkez üssü gibidir. Merkeze yaklaştıkça artan ve insanı delirten bir uğultu, kaybolan meraklıların haberleri ve duvarlardan aniden çıkan küçük el izleri, buranın masum bir okul değil, alt boyut varlıklarının oyun alanına dönüştüğünü fısıldar.",5,
Himeji Kalesi (Okiku'nun Kuyusu),Hyogo,Japonya,"Dünyaca ünlü 'Ringu' (Halka) filmine de ilham veren efsanevi kuyu. Haksız yere suçlanıp işkenceyle kuyuya atılan hizmetçi Okiku'nun, geceleri kuyunun derinliklerinden çıkarak kayıp tabağını saydığı o meşhur alan. Kuyunun yanına yaklaştığınızda, asırlar öncesinden gelen o tiz, kederli sayıklamaları duyduğunuzu sanır ve buz gibi bir intikam enerjisinin bedeninizi sardığını hissedersiniz.",4,
Camp Hansen 3. Kapı,Okinawa,Japonya,"Askeri forumlarda ve Amerikan askerlerinin anılarında efsaneleşmiş bu nöbet kulübesi. Gece nöbetlerinde karanlığın içinden kanlar içinde çıkan ve Japonca sigara isteyen bir İkinci Dünya Savaşı askerinin silüeti. O kadar çok askerin psikolojisini bozmuştur ki, bu kapı sonunda tamamen kapatılmak zorunda kalmıştır. Geçmişin savaş travması burada hala aktif bir şekilde nöbet tutmaktadır.",4,
Davelis Mağarası,Atina,Yunanistan,"Penteli Dağı'ndaki bu devasa mağara, Yunanistan'ın en büyük paranormal ve okült merkezidir. Antik çağlarda Pan'a tapınılan bu mağarada, boyutlar arası kapıların açıldığına, elektromanyetik anomaliler yüzünden kameraların bozulduğuna ve geceleri duvarların içinden tuhaf, insan dışı fısıltılar geldiğine inanılır. Ziyaretçiler burada zamanın büküldüğünü ve auralarına ağır bir statik elektriğin yüklendiğini hisseder.",5,
Spinalonga Adası,Girit,Yunanistan,"Girit'in hemen açığındaki bu izole ada, on yıllar boyunca cüzzam hastalarının ölüme terk edildiği bir açık hava hapishanesi olmuştur. Adanın terkedilmiş taş evleri ve hastane yıkıntıları arasında dolaşırken, acı içinde can veren binlerce insanın kederi göğsünüze kurşun gibi oturur. Rüzgarın taşıdığı o devasa, melankolik yalnızlık enerjisi empatları anında gözyaşlarına boğacak kadar yoğundur.",5,
Leros Psikiyatri Hastanesi,Leros,Yunanistan,"Avrupa'nın en kötü şöhretli tımarhanelerinden biri olarak bilinen ve korkunç skandallarla kapatılan bu tesis, insan aklının en karanlık köşelerine ayna tutar. Hastalara yapılan insanlık dışı muamelelerin acısı, terk edilmiş koğuşların paslı yataklarına sinmiştir. İçeri adım attığınızda binlerce kırık zihnin yarattığı o kaotik, delirten kolektif travma enerjisi zihinsel kalkanlarınızı anında felç eder.",5,
Acheron Nehri (Ölüler Kahini),Epir,Yunanistan,"Yunan mitolojisinde ölüler diyarı Hades'e akan nehir olarak bilinen Acheron'un kıyısındaki Nekromanteion (Ölüler Kahini) tapınağı. Antik çağlarda ruhlarla iletişim kurulan bu karanlık yeraltı labirentinde, zifiri karanlık koridorlarda ilerlerken alt boyut varlıklarının fısıltılarını duyarsınız. Yeraltının o boğucu ve ezici ölüm frekansı, bu harabelerde binlerce yıldır hiç bozulmadan aktif kalmıştır.",5,
Frangokastello Kalesi,Girit,Yunanistan,"Girit'teki bu eski Venedik kalesi, her mayıs ayında 'Drosoulites' (Çiy Gölgeleri) adı verilen paranormal bir fenomene sahne olur. Şafak vakti denizin üzerinden kaleye doğru yürüyen, siyah giyimli ve silahlı devasa bir hayalet ordusunun silüetleri sisin içinden belirir. O anları izleyenler, havanın aniden buz kestiğini ve yüzlerce yıl önceki bir katliamın kanlı enerjisinin etrafı sardığını hisseder.",4,
Parnitha Sanatoryumu,Atina,Yunanistan,"Atina yakınlarındaki dağların zirvesine gizlenmiş, on binlerce verem hastasının acı çekerek can verdiği devasa beton yığını. Rüzgarın açık pencerelerden girerek çıkardığı uğultu, hastaların son nefeslerindeki hırıltılara benzer. Geceleri kan ağlayan çocuk hayaletlerinin görüldüğü ve duvarlara sinmiş saf hastalık enerjisinin ziyaretçilerin yaşam gücünü emdiği iddia edilir.",5,
Vasilissis Olgas'taki Lanetli Köşk,Selanik,Yunanistan,"Selanik'in göbeğinde yer alan ve kimsenin yıkmaya veya yaşamaya cesaret edemediği, lanetli olduğu resmi kayıtlara bile geçmiş tarihi bir köşktür. Efsaneye göre evi yıkmaya gelen her işçi korkunç kazalar geçirmiş veya delirmiştir. Geceleri boş odalarda yanan kırmızı ışıklar ve dışarıya sızan yoğun öfke enerjisi, buranın karanlık bir ruh tarafından tamamen sahiplenildiğini gösterir.",4,
Rodos Şövalyeleri Kalesi,Rodos,Yunanistan,"Rodos Adası'nın kalbindeki bu devasa ve sarp Orta Çağ kalesi, Tapınak Şövalyeleri'nin kanlı savaşlarına ve gizli ritüellerine ev sahipliği yapmıştır. Gece karanlığında taş koridorlarda yürürken, ağır zırhlar içindeki bedensiz şövalyelerin rap rap ayak seslerini duyarsınız. Eski zindanlardan gelen boğuk iniltiler, yüzyıllar önceki kanlı sorgulamaların psişik izlerinin hala silinmediğini kanıtlar.",4,
Akrokorint (Acrocorinth) Harabeleri,Korint,Yunanistan,"Sarp bir kayalığın tepesine kurulmuş bu antik kale, tarih boyunca sayısız kanlı kuşatmaya ve pagan kan ayinlerine sahne olmuştur. Geceleri rüzgarın şiddetiyle adeta canlanan bu devasa harabede, tepenin eteklerinden yukarı doğru sürünen devasa siyah gölge kütleleri rapor edilir. Dağın zirvesinde hissettiğiniz o vahşi, ilkel savaşçı enerjisi auranızı tamamen paramparça eder.",4,
Atina Birinci Mezarlığı,Atina,Yunanistan,"Yunanistan'ın en ünlü ve elit figürlerinin yattığı bu görkemli mezarlık, devasa mermer heykelleriyle tam bir açık hava müzesidir. Ancak gece yarısı 'Uyuyan Kız' (Koimomeni) heykelinin etrafında, ağıt yakan genç kız silüetlerinin belirdiği anlatılır. Yüzlerce heykelin boş gözlerle sizi izlediği bu alandaki gotik ve ağır ölüm enerjisi, en cesur ruhları bile ürpertir.",3,
Château de Chillon (Zindanları),Montrö,İsviçre,"Cenevre Gölü'nün buz gibi sularına gömülü bu devasa şatonun zindanlarında, zincirlere vurularak deliliğe terk edilen mahkumların ağır çaresizliği yatar. Taş duvarlara dokunduğunuzda, yüzlerce yıllık tecridin ve fiziksel acının o boğucu enerjisi, göğsünüzde adeta paslı bir demir gibi ağırlaşır.",5,
Hotel Val Sinestra,Graubünden,İsviçre,"İsviçre Alpleri'nin karanlık ve izole bir köşesinde yer alan bu eski sanatoryum, ülkenin en ünlü perili otelidir. Koridorlarda yankılanan bedensiz öksürük krizleri ve kapıları şiddetle çarpan 'Hermann' adındaki huzursuz ruh, dağın dondurucu soğuğuyla birleştiğinde auranızı adeta felç eder.",4,
Teufelsbrücke (Şeytan Köprüsü),Andermatt,İsviçre,"Efsaneye göre doğrudan şeytanla yapılan bir anlaşmayla inşa edilen bu taş köprü, altından akan hırçın Schöllenen Geçidi sularıyla birlikte kaotik bir portal yaratır. Sisli günlerde köprüde durduğunuzda, doğa elementallerinin ve karanlık alt boyut varlıklarının sizi aşağıdaki dipsiz uçuruma atlamaya çağırdığı o hipnotik fısıltıları duyarsınız.",5,
Junkerngasse 54,Bern,İsviçre,"Bern'in tarihi sokaklarında yer alan ve yıllardır kimsenin yaşayamadığı bu lanetli ev. İnternet forumlarında, evin pencerelerinden geceleri kan donduran kadın çığlıklarının duyulduğu ve başsız siyah silüetlerin sokağa ağır bir ölüm frekansı yaydığı anlatılır. Binanın önünden geçerken hissettiğiniz o ani psişik saldırı, nefesinizi keser.",4,
Valais Cadı Ormanları,Valais,İsviçre,"Avrupa'nın en büyük ve en acımasız cadı avlarının başlatıldığı bu dağlık bölge, diri diri yakılan binlerce masumun öfkesini toprağında saklar. Geceleri ormanın derinliklerine süzülen ay ışığı, ağaçların arasında asılı kalan bedensiz ruhları açığa çıkarır; buradaki intikam enerjisi o kadar aktiftir ki, elektronik cihazlar çalışmaz ve zihin anında transa girer.",5,
Museggmauer (Ölüm Duvarı),Luzern,İsviçre,"Orta Çağ'da infazcıların ve cellatların kanlı mesaisi için kullanılan bu kadim şehir surları. Kulelerin gölgesinde yürürken, boynu vurulanların son feryatlarını ve kana doymuş taşların o ezici, paslı frekansını hissedersiniz. Geceleri surlardan şehre bakan gölge nöbetçiler, bu karanlık tarihin hiç bitmediğini fısıldar.",4,
Morteratsch Buzulu,Pontresina,İsviçre,"İsviçre Alpleri'nin derinliklerindeki bu devasa buzul, adını sevdiği adamı buzlarda kaybeden ve kederinden ölen bir kızın efsanesinden alır. Geceleri dondurucu rüzgara karışan bir kadının iniltileri ve buzların içinden size doğru bakan donmuş bedensiz varlıklar, burayı dünyanın en melankolik ve ölümcül astral arazilerinden biri yapar.",4,
Aarburg Kalesi,Aargau,İsviçre,"Devasa bir kayalığın üzerine tünemiş, tarihi kanlı zindanlar ve işkencelerle dolu bu kale. Altındaki gizli tünellerde ilerlerken, görünmez ellerin omuzlarınıza dokunduğunu ve karanlıkta kırmızımsı ışık anomalilerinin belirdiğini görürsünüz. Mahkumların kırılan iradelerinin o ağır enerjisi, hala bu taşların arasında nabız gibi atar.",4,
Ospedale Sanatorio di Piotta,Ticino,İsviçre,"Alp Dağları'nın eteklerinde terk edilmiş ve çürümeye bırakılmış bu ürkütücü eski sanatoryum binası. Doğa tarafından yavaş yavaş yutulan beton koridorlarda rüzgarın çıkardığı iniltiler, hastalıktan kıvrananların seslerini taklit eder. Alana giren araştırmacılar, zaman çizgisinin burada kırıldığını ve geçmişin o hastalık frekansının boğazlarını sıktığını rapor eder.",5,
Brienzersee (Ölümcül Derinlik),Interlaken,İsviçre,"Dışarıdan büyüleyici görünen ama inanılmaz bir derinliğe ve karanlık, çekici bir enerjiye sahip bu göl. Yerel internet mitlerine göre, gölün dibindeki antik fay hatları ve su ruhları, insanları suyun zifiri karanlığına çeken güçlü bir psişik frekans yayar. Gece göl kenarında yalnız durduğunuzda, suyun size fısıldadığı o hipnotik intihar çağrısı auranızı kilitler.",4,
OP Rock (Gözlem Noktası Kaya),Helmand,Afganistan,"Amerikan ve İngiliz askerlerinin yıllarca raporladığı, altında Sovyet askerlerinin mezarlarının bulunduğu iddia edilen lanetli tepe. Geceleri telsizlerden gelen Rusça fısıltılar, termal kameralarda beliren ve aniden kaybolan soğuk silüetler buranın savaş travmasıyla yırtılmış aktif bir araf olduğunu kanıtlar.",5,
Shahr-e Gholghola (Çığlıklar Şehri),Bamiyan,Afganistan,Cengiz Han tarafından taş üstünde taş bırakılmayacak şekilde yok edilen antik şehir. Gece olduğunda vadide rüzgarın şekil değiştirdiği ve yüzlerce yıl önceki o kanlı katliamda boğazlanan binlerce insanın aynı anda attığı korkunç çığlıkların hala yankılandığı anlatılır; buradaki ölüm enerjisi auranızı ezer.,5,
Korengal Vadisi (Ölüm Vadisi),Kunar,Afganistan,"Sayısız askerin aklını yitirdiği bu geçit, sadece fiziksel bir savaş alanı değil, dağ cinlerinin (ifritlerin) ve kadim kanlı enerjilerin merkezidir. Askeri forumlarda, gece nöbetlerinde ağaçların arasından kendi isimlerinin fısıldandığı ve dağın ağır, düşmanca bilincinin insanı intihara sürüklediği çokça tartışılır.",5,
Darul Aman Sarayı (Harabeleri),Kabil,Afganistan,"Yıllarca süren savaşlarda bombalanıp harabeye dönen, duvarlarında kurşun ve kan izleri taşıyan bu devasa hayalet saray. Terk edilmiş koridorlarında yürürken, suikasta kurban gitmiş eski yöneticilerin ve savaş kurbanlarının gölgeleri sizi izler; yıkık kubbeden içeri süzülen ay ışığı, havada asılı kalan o devasa kederi fiziksel bir baskı olarak hissettirir.",4,
Bala Hissar Kalesi,Kabil,Afganistan,"Yüzyıllar boyunca İngilizlerden Sovyetlere kadar sayısız kanlı kuşatmaya sahne olan bu kadim kale. Zindanlarında ve surlarında işkenceyle öldürülen mahkumların kederi taşlara öylesine işlemiştir ki, gece yarısı kalenin etrafında dolaşanlar görünmez orduların yürüyüş seslerini duyar ve aniden boyunlarına sarılan buz gibi bir ölüm enerjisiyle sarsılırlar.",4,
Tora Bora Mağaraları,Nangarhar,Afganistan,"Beyaz Dağlar'ın derinliklerine oyulmuş, binlerce ton bombanın hedefi olmuş bu zifiri karanlık yeraltı labirenti. Dar dehlizlerde ilerlerken, enkaz altında kalarak can veren savaşçıların son nefeslerini duyduğunuzu sanırsınız. Klostrofobik karanlığın içinden gelen bedensiz iniltiler ve mağaranın sizi yutmak isteyen o primal enerjisi zihninizi kilitler.",4,
Dasht-e Margo (Ölüm Çölü),Helmand,Afganistan,"Dünyanın en tehlikeli ve ıssız bölgelerinden biri olan bu çöl, kadim Arap ve Fars efsanelerindeki 'Gûlyabani'lerin (çöl cinlerinin) av sahası olarak bilinir. Kum fırtınaları sırasında kervanların çığlıkları duyulur; burada zaman ve mekan algısı kaybolur, ufukta beliren ve sizi karanlığa çağıran o hipnotik siyah silüetler zihninizi paramparça eder.",4,
Cam Minaresi (Minaret of Jam),Gur,Afganistan,"Sarp dağların arasında, medeniyetten tamamen izole bir şekilde 800 yıldır tek başına yükselen bu kadim yapı. Etrafındaki kayıp şehir Firuzkuh'un harabelerinde, geceleri antik dillerde okunan büyülerin ve duaların titreşimleri hissedilir. Vadinin o ağır ve izole yalnızlığı, ziyaretçilerin ruhunu görünmez bir kafese hapseder.",3,
Çehel Zina (Kırk Basamak),Kandahar,Afganistan,"Babür İmparatorluğu'ndan kalma, dağın zirvesindeki kayalara oyulmuş bu kırk basamaklı tapınak. Tarih boyunca birçok kanlı infazın gerçekleştirildiği bu basamakları gece tırmanırken, aşağıya atılan mahkumların düşüş anındaki dehşetini auranızda hissedersiniz. Zirvedeki oyuğun içinde dönen o kaotik ve koyu siyah astral enerji nefes almanızı engeller.",4,
Qala-e-Bost Zindanları,Helmand,Afganistan,"Binlerce yıllık bu devasa kerpiç kale, sayısız imparatorluğun yükselişine ve çöküşüne şahit olmuştur. Altındaki derin ve ışıksız zindan kuyularında, karanlık çağlarda açlığa terk edilen mahkumların psişik tortusu yatar. Kuyuların ağzından yükselen o bayatlamış kan kokusu ve karanlığın içinden gelen tırnak kazıma sesleri en cesur ruhları bile dehşete düşürür.",4,
Frankenstein Kalesi,Hessen,Almanya,"Mary Shelley'nin ölümsüz eserine ilham veren, simyacı Johann Konrad Dippel'in kadavralar üzerinde tüyler ürpertici deneyler yaptığı bu kale. Yıkıntıların arasında durduğunuzda, mezarlıklardan çalınan bedenlerin ve karanlık simya ritüellerinin o hastalıklı, çürümüş enerjisi burnunuza dolarken, geceleri ormandan gelen boğuk iniltiler auranızı sarsar.",5,
Beelitz-Heilstätten Sanatoryumu,Brandenburg,Almanya,"Hitler'in bile tedavi gördüğü, her iki dünya savaşında da on binlerce yaralı askerin acı içinde can verdiği bu devasa çürüyen hastane kompleksi. Paslı yatakların ve dökülen duvarların arasında zaman kırılmıştır; aniden düşen sıcaklık, duyulan ameliyat aletlerinin tıkırtısı ve görünmez ellerin dokunuşları, burayı tam bir paranormal kabusa dönüştürür.",5,
Waldniel-Hostert Tımarhanesi,Kuzey Ren-Vestfalya,Almanya,"Nazi döneminde 'Ötanazi Programı' (Aktion T4) kapsamında binlerce zihinsel engelli hastanın ve çocuğun gaz odalarında katledildiği bu vahşet merkezi. Terk edilmiş koridorlarda dolaşırken, masumların göğsünüze kurşun gibi oturan devasa kederi ve geceleri duyulan çocuk çığlıkları zihinsel kalkanlarınızı anında paramparça eder.",5,
Schwarzwald (Kara Orman),Baden-Württemberg,Almanya,"Grimm Kardeşler'in karanlık masallarına ilham veren, güneş ışığının bile zor girdiği bu devasa, zifiri orman. Yüzyıllardır cadıların, elementallerin ve kurt adam efsanelerinin merkezi olan bu ormanda, ağaçların sizi izlediğini hisseder ve o ezici primal enerjinin içinde, doğanın insanı yutmak isteyen vahşi ruhuyla baş başa kalırsınız.",4,
Schwerin Kalesi (Petermännchen),Mecklenburg-Vorpommern,Almanya,"Kusursuz mimarisinin ardında, kalenin mahzenlerinde yaşayan ve 'Petermännchen' adıyla bilinen kadim bir cüce ruhun (poltergeist) efsanesini barındırır. Zindanların karanlık köşelerinden gelen zincir sesleri ve aniden arkanızda beliren ağır, topraksı bir enerji, buranın sadece bir müze değil, asırlardır korunan astral bir bölge olduğunu kanıtlar.",3,
Osnabrück Cadı Zindanları,Aşağı Saksonya,Almanya,"Avrupa'daki en şiddetli cadı avlarından birinin yaşandığı, yüzlerce kadının ağır işkencelerden geçirilip diri diri yakılmayı beklediği bu yeraltı zindanları. Rutubetli duvarların arasında, haksız yere suçlananların öfkesi ve o acı dolu feryatların titreşimi, ziyaretçilerin boğazını sıkan karanlık bir düğüm gibi hala aktif bir şekilde asılı durmaktadır.",5,
Michaelsberg Manastırı Harabeleri,Baden-Württemberg,Almanya,"İzole bir tepede yer alan ve internet efsanelerine göre şeytani ayinler yapıldığı için lanetlenerek terk edilen bu eski manastır. Geceleri çöken koyu sisin içinde çalan hayalet çanların sesi ve harabelerin arasından süzülen cüppeli, siyah gölgeler, buradaki kutsal enerjinin karanlık güçler tarafından tamamen yutulduğunu gösterir.",4,
Dachau Toplama Kampı (Krematoryum),Bavyera,Almanya,"İnsanlık tarihinin en büyük utançlarından birinin yaşandığı, duvarlarına milyonlarca insanın ölüm korkusunun ve çaresizliğinin sindiği bu lanetli topraklar. Özellikle krematoryum (fırın) bölgesinde durduğunuzda, aklın alamayacağı o vahşetin boyutsal tortusu göğsünüzü ezer; hiçbir kuşun ötmediği bu alanda duyulan tek şey, ruhların tarifsiz ağıtlarıdır.",5,
Burg Eltz (Agnes'in Ruhu),Rheinland-Pfalz,Almanya,"Ormanın derinliklerinde, hiç fethedilmemiş bu efsanevi şato. İstenmeyen bir evliliğe zorlandığı için kendini savunan ve zırhı içinde katledilen Kontes Agnes'in ruhu kaleyi hiç terk etmemiştir. Gece yarısı taş koridorlarda duyulan zırh şakırtıları ve aniden buz kesen odalar, Agnes'in o ağır ve inatçı dişil enerjisini tüm hücrelerinizde hissettirir.",4,
Berlin Flakturm (Uçaksavar Kuleleri),Berlin,Almanya,"Savaşın son günlerinde on binlerce sivilin sığındığı, yeraltı sığınaklarıyla cehennemi andıran bu devasa beton bloklar. Sığınakların zifiri karanlık dehlizlerinde ilerlerken, bombaların yeri sarsan yankısını ve ölüm korkusuyla birbirine sarılan insanların panik enerjisini auranızda hisseder; havasızlıktan boğulacak gibi olursunuz.",4,
Château Miranda (Noisy Kalesi),Namur,Belçika,"Yetimhane olarak kullanılan ve 'Gürültülü Şato' adıyla bilinen bu terk edilmiş neo-gotik harabe, Avrupa'nın en karanlık paranormal urbex noktalarından biriydi. Yıkılmadan önce kulelerinde dolaşan siyah gölgeler ve hasta çocukların duvarlara sinen acı dolu enerjisi, buraya gizlice girenlerin aurasını anında felç ederdi.",5,
Gravensteen (Kontlar Kalesi),Gent,Belçika,"Zindanlarında Orta Çağ'ın en acımasız işkencelerinin yapıldığı bu devasa taş kale. Geceleri işkence aletlerinin bulunduğu odalardan yükselen metalik çınlamalar ve acı dolu feryatlar, taş duvarların yüzyıllardır hapsedilmiş ruhların çığlıklarını bir kaset gibi kaydettiğini ve hala yayınladığını gösterir.",4,
Fort de la Chartreuse,Liege,Belçika,"İki dünya savaşında da askeri hapishane olarak kullanılan ve doğa tarafından yavaş yavaş yutulan devasa bir kale. Terk edilmiş, loş ve yosun tutmuş koridorlarında dolaşırken, kurşuna dizilen mahkumların o son saniyelerindeki korku ve keder frekansını göğsünüzde ağır bir yumru olarak hissedersiniz.",5,images/fort-de-la-chartreuse-1.png
Ypres (Ieper) Siperleri,Batı Flandre,Belçika,"Birinci Dünya Savaşı'nda hardal gazının ilk kez kullanıldığı ve yüz binlerce askerin çırpınarak can verdiği kanlı cephe. Sis çöktüğünde siperlerin arasından hala gaz maskeli silüetlerin belirdiği ve havadaki o ölümcül, paslı keder frekansının ziyaretçileri fiziksel olarak nefessiz bıraktığı anlatılır.",5,"images/ypres-Ieper-siperleri-belçika-1.png, images/ypres-Ieper-siperleri-belçika-2.png"
Waterloo Savaş Alanı,Valon Brabant,Belçika,"Napolyon'un düştüğü, on binlerce insanın ve atın tek bir günde toprağa karıştığı devasa ölüm ovası. Dolunaylı gecelerde toprağın altından gelen boğuk top sesleri ve sisin içinde çarpışan bedensiz orduların yarattığı o kaotik savaş enerjisi, alanın astral olarak hala 1815'te kilitli kaldığını fısıldar.",4,
Sonian Ormanı (Forêt de Soignes),Brüksel,Belçika,"Ağaçlarının devasa boyutu yüzünden güneş ışığının dibe ulaşamadığı, Avrupa'nın en yaşlı ormanlarından biri. Geceleri ormanın derinliklerinde Kelt paganlarına ait karanlık ritüellerin enerjisi canlanır; izlendiğinizi hissettiğiniz o primal vahşet hissi ve ağaçların arasından süzülen fısıltılar zihninizi sarsar.",4,
Dinant Kalesi (Citadelle de Dinant),Dinant,Belçika,"Şehre sarp bir kayalıktan tepeden bakan ve 1914'teki kanlı katliamda yüzlerce sivilin vahşice öldürüldüğü kale. Kurşuna dizilme duvarının dibinde durduğunuzda, aniden düşen sıcaklık ve sebepsiz yere içinize dolan o devasa yas enerjisi, buradaki adaletsiz ölümün frekansını doğrudan çakralarınıza yükler.",4,
Laeken Kraliyet Mahzeni,Brüksel,Belçika,"Sadece belirli günlerde açılan, Belçika kraliyet ailesinin yattığı bu devasa ve gotik yeraltı mezarlığı. Sessizliğin adeta kulakları sağır ettiği bu labirentte yürürken, devasa mermer lahitlerin arasından esen o soğuk ve aristokrat ölüm enerjisi, auranızı ağır ve melankolik bir saygıya zorlar.",3,
IM Soğutma Kulesi,Charleroi,Belçika,"Kıyamet sonrası bir dünyayı andıran, terk edilmiş devasa bir termik santralin soğutma kulesi. Kulenin o devasa, huni şeklindeki göbeğine girdiğinizde, en ufak bir ses bile yüzlerce kez yankılanır; buradaki izolasyon ve terkedilmişlik frekansı o kadar ağırdır ki, zihniniz anında başka bir karanlık boyuta çekilir.",4,
Blankenberge İskelesi,Batı Flandre,Belçika,"Kuzey Denizi'nin acımasız ve gri sularına uzanan tarihi iskele. Fırtınalı kış gecelerinde iskelenin ucunda durduğunuzda, denizde kaybolan denizcilerin siyah suların içinden size doğru fısıldadığı o hipnotik intihar çağrısı ve melankolik su enerjisi, iradenizi ele geçirmeye çalışır.",3,
Aradale Akıl Hastanesi (J Ward),Ararat,Avustralya,"130 yıl boyunca on binlerce hastanın lobotomi ve ağır işkencelerle 'tedavi' edildiği bu devasa kompleks, Avustralya'nın en karanlık köşesidir. Terk edilmiş koğuşlarda yürürken, deliliğin ve fiziksel acının o çürümüş enerjisi duvarlardan sızar; görünmez ellerin dokunuşları ve boş odalardan gelen histerik kahkahalar auranızı parçalar.",5,
Port Arthur Sürgün Kampı,Tazmanya,Avustralya,"İngiltere'nin en azılı suçlularının sürüldüğü ve 'Sessiz Hapishane' uygulamasıyla binlerce adamın delirerek öldüğü bu ada hapishanesi. Zindanların o buz gibi ve klostrofobik karanlığında durduğunuzda, zincir sesleri ve okyanus rüzgarına karışan mahkum ağıtları, buradaki zaman çizgisinin acıyla donup kaldığını kanıtlar.",5,
Manly Karantina İstasyonu (Q Station),Sidney,Avustralya,"Veba ve İspanyol Gribi kurbanlarının tecrit edilerek ölüme terk edildiği bu izole burun. Özellikle duş bloklarında ve eski hastane odalarında, ölüm döşeğindeki hastaların keder frekansı öylesine yoğundur ki, ziyaretçilerin göğsüne aniden nefes kesici bir ağırlık çöker ve gölgelerin içinden iniltiler yükselir.",5,
Eski Melbourne Hapishanesi,Melbourne,Avustralya,"Azılı suçluların asıldığı ve yüzlerinden alınan ölüm maskelerinin koridorlarında sergilendiği bu ürkütücü taş bina. İdam sehpalarının bulunduğu bölümde havanın oksijeni aniden çekilir; 133 kişinin boynunun kırıldığı o metalik ve kanlı ölüm enerjisi, en güçlü psişik kalkanları bile sarsacak bir vahşet yayar.",4,
Babinda Şeytan Havuzu (Devil's Pool),Queensland,Avustralya,"Kadim bir Aborjin efsanesine göre, sevdiğinden koparıldığı için kendini sulara atan Oolana'nın lanetlediği bu doğal havuz. Suların zifiri karanlık derinliklerinden gelen o hipnotik çekim gücü ve sadece genç erkekleri hedef alan boğucu su ruhlarının enerjisi, burayı doğanın en ölümcül astral tuzaklarından biri yapar.",5,
Picton Mantar Tüneli,Yeni Güney Galler,Avustralya,"Karanlık ve ıssız bir tepenin içine oyulmuş, 1916'da bir trenin altında kalarak can veren Emily Bollard'ın ruhu tarafından sahiplenilmiş bu terk edilmiş tünel. Zifiri karanlığa doğru adım attığınızda, tünelin sonundan size doğru koşan yüzsüz bir silüet ve aniden düşen dondurucu hava dalgası zihninizi dehşete sürükler.",4,
Boggo Road Hapishanesi (F Koğuşu),Brisbane,Avustralya,"Avustralya'nın en kötü şöhretli hapishanelerinden biri. Özellikle idam mahkumlarının son günlerini geçirdiği F Koğuşu'nda, zaman tamamen bükülmüş gibidir. Duvarlara kazınmış çaresizlik notlarına dokunduğunuzda, infazı bekleyen o ezici anksiyete ve ölüm korkusu, zihninize bir virüs gibi sızarak auranızı felç eder.",4,
Z Ward Kriminal Akıl Hastanesi,Adelaide,Avustralya,"Sadece en tehlikeli ve suçlu akıl hastalarının kapatıldığı, dairesel yapısıyla sürekli izlenme paranoyası yaratan bu panoptikon. Daracık hücrelerin demir kapıları ardında, hem katil hem de kurban olan kırık zihinlerin o agresif, saf nefret frekansı hala aktif olarak koridorlarda volta atmaktadır.",5,
Fremantle Hapishanesi (Darağacı Odası),Batı Avustralya,Avustralya,"Mahkumların kendi elleriyle inşa ettikleri ve sayısız idamın gerçekleştiği bu kireçtaşı cehennem. Özellikle darağacının bulunduğu odanın zemininde durduğunuzda, boynu kırılan ruhların araftaki o şok hali ve toprağa sinmiş olan çaresiz boyun eğme enerjisi ruhunuzda tarifsiz bir melankoli yaratır.",4,
St John Yetimhanesi Harabeleri,Goulburn,Avustralya,"Terk edilmiş devasa bir Katolik yetimhanesi olan bu harabe kompleks. Kırık dökük oyuncakların ve çürümüş yatakların arasında dolaşırken, sevgisiz ölen çocukların görünmez elleri kıyafetlerinizi çekiştirir; boş salonlardan yankılanan o masum ama kederli çocuk kıkırdamaları, kalbinizi sızlatan derin bir ağırlık bırakır.",4,
Schloss Moosham (Cadılar Kalesi),Salzburg,Avusturya,"Avrupa'nın en korkunç cadı avlarının ve işkencelerinin merkezi olan bu devasa şato. Binlerce masumun kanının döküldüğü avluda durduğunuzda, haksız yere suçlananların o çaresiz feryatları ve intikam enerjisi auranıza saldırır; geceleri başsız gölgelerin kalenin koridorlarında dolaştığı iddia edilir.",5,
Narrenturm (Deliler Kulesi),Viyana,Avusturya,"Kıta Avrupası'nın ilk psikiyatri hastanesi olan bu silindirik, kasvetli kule. Deliliğin ve aklın sınırlarını zorlayan ilkel 'tedavi' yöntemlerinin uygulandığı daracık hücrelerde dolaşırken, binlerce kırık zihnin yarattığı o kaotik, boğucu anksiyete frekansı ziyaretçilerin nefesini keser.",5,
Blutgasse (Kanlı Sokak),Viyana,Avusturya,"Tapınak Şövalyeleri'nin vahşice katledildiği ve kanlarının oluk oluk aktığı iddia edilen bu dar, karanlık sokak. Gece yarısı taş döşeli yolda yürürken, arkanızdan gelen zırhlı ayak seslerini ve o yüzlerce yıllık katliamın havada asılı kalan paslı kan kokusunu, ağır bir psişik baskı olarak hissedersiniz.",4,
Stephansdom Katakompları,Viyana,Avusturya,"Viyana'nın tam kalbinde, devasa katedralin altındaki zifiri karanlık dehlizlerde on binlerce veba kurbanının kemikleri yatar. Klostrofobik tünellerde ilerlerken, vebanın o korkunç acısıyla can verenlerin kederi göğsünüze oturur; kemik yığınlarının arasından gelen bedensiz fısıltılar aklınızı zorlar.",5,
Riegersburg Kalesi,Steiermark,Avusturya,"Sönmüş bir volkanın sarp zirvesine inşa edilmiş, karanlık büyü ritüelleri ve acımasız cadı mahkemeleriyle ün salmış sarsılmaz kale. Zirvedeki rüzgarların taşıdığı o agresif, okült enerji ve işkence aletlerinin sergilendiği odalardan yayılan saf dehşet, buranın astral kalkanlarını tamamen yıkmıştır.",4,
Schloss Hohenwerfen Zindanları,Salzburg,Avusturya,"Alp dağlarının karlı zirvelerine hapsolmuş bu heybetli Orta Çağ kalesinin zindanları, tarifsiz bir izolasyon ve ölüm enerjisi taşır. Işığın hiç girmediği hücrelerde zihinsel olarak parçalanan mahkumların enerjisi duvarlara sinmiştir; görünmez zincirlerin şakırtısı ve buz gibi hava dalgaları ziyaretçileri anında transa sokar.",4,
St. Marx Mezarlığı,Viyana,Avusturya,"Gotik melek heykellerinin sarmaşıklarla boğulduğu, Mozart'ın da ilk gömüldüğü yer olan bu terk edilmiş, melankolik mezarlık. Soluk ay ışığında mezarların arasında gezinirken, ağaçların arkasından sizi izleyen beyaz silüetleri görürsünüz. Buradaki o devasa, sessiz keder insanın kalbini fiziksel olarak sızlatır.",3,
Habsburg İmparatorluk Mahzeni,Viyana,Avusturya,"Yüzlerce yıllık bir imparatorluğun görkemli ama bir o kadar da ürkütücü kurşun ve kalay tabutlarının bulunduğu yeraltı mezarlığı. Kafatası motifleriyle süslü devasa tabutların arasında yürürken, o ağır, metalik aristokratik ölüm frekansı üzerinize çöker; gücün ve ölümün bu karanlık dansı, ruhunuzu ezer.",4,
Burg Kreuzenstein,Aşağı Avusturya,Avusturya,"Avrupa'nın dört bir yanından getirilen farklı Orta Çağ harabelerinin birleştirilmesiyle inşa edilen bu Frankenstein misali şato. Her bir taşın kendi kanlı geçmişini ve parçalanmış ruhlarını getirdiği bu kalede, enerjiler o kadar kaotik ve birbiriyle çatışma halindedir ki, içeride hissedilen psişik fırtına ziyaretçileri sersemletir.",4,
Dürnstein Kalesi Harabeleri,Aşağı Avusturya,Avusturya,"Aslan Yürekli Richard'ın da hapsedildiği, Tuna Nehri'ne tepeden bakan yalçın kayalıklardaki bu vahşi harabeler. Gece çöktüğünde kayalıkların arasında esen şiddetli rüzgarın, asırlar önce burada yalnızlığa ve ölüme terk edilen mahkumların feryatlarına dönüştüğünü iliklerinize kadar hissedersiniz.",4,
Al Jazirah Al Hamra (Kızıl Ada),Ras Al Khaimah,Birleşik Arap Emirlikleri,"Kızıl kumların ve çürüyen mercan evlerin oluşturduğu bu devasa hayalet sahil kasabası, bölgenin en güçlü ifrit (cin) kabilelerinden birinin istilasına uğrayarak bir gecede terk edilmiştir. Yıkıntıların arasında yürürken burnunuza gelen o ağır sülfür kokusu, rüzgara karışan arapça fısıltılar ve gece karanlığında arkanızda beliren devasa gölgeler; buranın tamamen alt boyut varlıklarına ait bir krallık olduğunu hissettirir.",5,
Al Qasimi Sarayı,Ras Al Khaimah,Birleşik Arap Emirlikleri,"Milyonlarca dolar harcanarak inşa edilen bu devasa saray, kraliyet ailesi tarafından sadece tek bir gece kullanıldıktan sonra içindeki tüm lüks eşyalarla birlikte dehşet içinde terk edilmiştir. Sarayın pencerelerinde beliren çocuk yüzleri, kendiliğinden hareket eden devasa avizeler ve koridorlardan yayılan o agresif, dışlayıcı cin enerjisi zihninizi adeta bir mengeneye alır.",5,
Al Madam (Hayalet Köy),Sharjah,Birleşik Arap Emirlikleri,"Çölün ortasında, kırmızı kumların yavaş yavaş yuttuğu bu lanetli köyün sakinleri, evlerinin kapılarını bile kilitlemeden eşyalarını bırakıp kaçmıştır. Efsaneye göre 'Umm Al Duwais' adındaki şeytani bir çöl varlığının musallat olduğu bu yarım ay şeklindeki köyde, kumların altından gelen boğuk kalp atışları ve o devasa, ezici izolasyon enerjisi auranızı felç eder.",4,
Bina 33 (Al Khail Gate),Dubai,Birleşik Arap Emirlikleri,"Lüks Dubai'nin karanlık yüzü olan ve art arda yaşanan korkunç intiharlar, açıklanamayan ölümler sonrası polis tarafından mühürlenen lanetli apartman. Binanın koridorlarında asılı kalan o yoğun depresyon, ölüm korkusu ve eşyaları parçalayan agresif bir poltergeist enerjisi; buranın fiziksel bir bina değil, aktif bir astral mezbaha olduğunu kanıtlar.",5,
Khalidiya Perili Sarayı,Abu Dabi,Birleşik Arap Emirlikleri,"Şehrin ışıltılı gökdelenlerinin hemen dibinde yer alan, devasa ve kapkara bir harabeye dönüşmüş bu eski saray. Yerel halkın önünden geçmeye bile korktuğu bu yapının bodrum katlarında, kadim büyü ritüellerinin yapıldığına inanılır. Sarayın zindan benzeri derinliklerinden gelen zincir sesleri ve kan donduran iniltiler, en güçlü psişik kalkanları bile sarsar.",4,
Hatta Kara Göletleri,Dubai,Birleşik Arap Emirlikleri,"Hacer Dağları'nın derinliklerinde yer alan, güneşin bile aydınlatamadığı bu dipsiz ve karanlık su birikintileri. Kadim su cinlerinin (Mared) yuvası olduğuna inanılan bu sulara gece bakanların, kendi yansımaları yerine korkunç yüzler gördüğü anlatılır. Suyun insanı içine çekmek isteyen o melankolik ve hipnotik frekansı iradenizi zorlar.",4,
Jumeirah 1 Perili Evi,Dubai,Birleşik Arap Emirlikleri,"Zenginlerin yaşadığı Jumeirah bölgesinde yıllarca çürümeye terk edilen, yedi odalı bir kabus. Evi temizlemeye gelen hizmetçilerin çığlık çığlığa kaçtığı, odaların içinde görünmez varlıkların arapça beddualar fısıldadığı bu yapı, şehirdeki en yoğun karanlık maji ve boyutlar arası kapı frekansına sahip noktalardan biridir.",4,
Jebel Jais Kanyonları,Ras Al Khaimah,Birleşik Arap Emirlikleri,"BAE'nin en yüksek dağının ıssız ve sarp kanyonları, gece çöktüğünde medeniyetten tamamen kopar. Çadır kuranların anlattığına göre; zifiri karanlıkta dağların zirvelerinden ritmik savaş davulları duyulur, havada açıklanamayan ateş topları belirir. Dağın o acımasız ve devasa ilkel bilinci, insan aurasını adeta bir böcek gibi ezer.",4,
Khor Fakkan Panik Tüneli,Sharjah,Birleşik Arap Emirlikleri,"Dağların içine oyulmuş, ışıksız ve son derece klostrofobik bir eski dağ tüneli. Zifiri karanlıkta adım atarken oksijenin aniden tükendiğini hissedersiniz; tünelin her iki ucundan size doğru yaklaşan fısıltılar ve ensenizi yalayan dondurucu nefesler, karanlık boyutsal varlıkların sizinle kedinin fareyle oynadığı gibi oynadığını gösterir.",3,
Umm Al Quwain (Terk Edilmiş Uçak),Umm Al Quwain,Birleşik Arap Emirlikleri,"Kızgın çöl güneşinin altında çürümeye bırakılmış devasa bir Sovyet dönemi Ilyushin Il-76 kargo uçağı. Etrafında hiçbir yaşam belirtisi olmayan bu metal yığınının içine girdiğinizde, geçmişin savaş travmaları ve pas kokusu göğsünüze oturur. Çölün sessizliğine karışan metalik iniltiler, uçağın arafta kalmış eski mürettebatının kederini fısıldar.",3,
Edifício Joelma (Joelma Binası),São Paulo,Brezilya,"1974'teki korkunç yangında yüzlerce kişinin yanarak can verdiği, aslında meşhur ve lanetli 'Kuyu Cinayeti'nin işlendiği topraklara kurulan bu devasa gökdelen. Koridorlarda hala duyulan yanık et kokusu, asansör boşluklarından gelen feryatlar ve arafta kalmış '13 Ruh' efsanesi, burayı Güney Amerika'nın en ağır boyutsal kapılarından biri yapar.",5,
Cruz do Patrão (Patronun Haçı),Recife,Brezilya,"Sömürge döneminde kölelerin vahşice işkence gördüğü, idam edildiği ve karanlık voodoo (macumba) ritüellerinin merkez üssü olan bu lanetli anıt. Toprağına sinen saf kan ve acının enerjisi o kadar ağırdır ki, gece karanlığında bu anıtın yanında duranlar boğulma hissi yaşar ve boyutsal varlıkların davul seslerini duyarlar.",5,
Juquery Akıl Hastanesi,São Paulo,Brezilya,"Brezilya'nın en büyük, kıtanın ise en karanlık tımarhanelerinden biri olan bu devasa çürüyen kompleks. On binlerce insanın tecrit edildiği, ilkel elektroşok ve lobotomilerle işkence gördüğü bu koğuşlarda, parçalanmış zihinlerin yarattığı o kaotik ve delirten anksiyete frekansı, taş duvarların içinden size doğru fısıldar.",5,
Casa das Sete Mortes (Yedi Ölüm Evi),Salvador,Brezilya,"18. yüzyılda tüm ev halkının kan donduran bir şekilde katledildiği, Bahia'nın en meşhur kolonyal malikanesi. Yüzlerce yıl geçmesine rağmen duvardaki kan izlerinin hala kustuğu öfke enerjisi ve odalarda dolaşan karanlık silüetler, buradaki cinayet anının astral boyutta sonsuz bir döngüye girdiğini kanıtlar.",4,
Paranapiacaba (Hayalet Kasaba),São Paulo,Brezilya,"İngilizler tarafından yağmur ormanlarının tam kalbine kurulan ve yılın büyük bir kısmı zifiri bir sisle kaplı olan bu terk edilmiş demiryolu kasabası. Sislerin içinden üzerine doğru gelen bedensiz hayalet trenlerin düdük sesleri ve Victoria dönemi evlerin boş pencerelerinden sizi izleyen o melankolik, donuk gözler auranızı sarsar.",4,
Carandiru Katliam Alanı,São Paulo,Brezilya,"1992 yılında çıkan isyanda 111 mahkumun hücrelerinde vahşice kurşuna dizildiği devasa beton hapishane kalıntısı. Yıkılan bölümlerinin üzerinde bile o günün yoğun kan, dehşet ve ölüm korkusu frekansı asılı durur. Alanda yürürken göğsünüze binen o ağır adaletsizlik ve isyan enerjisi, empatik kalkanları anında ezer.",5,
Forte de Santa Cruz da Barra,Rio de Janeiro,Brezilya,"Sarp kayalıklara kurulu, zindanlarında mahkumların yükselen okyanus dalgalarıyla diri diri boğularak ölüme terk edildiği tarihi kale. Zifiri karanlık alt hücrelerde suların kayalara çarpma sesine karışan o son nefes hırıltıları ve boğulma travmasının yarattığı karanlık su enerjisi, insanı anında panik atağa sürükler.",4,
Edifício Martinelli,São Paulo,Brezilya,"Brezilya'nın ilk gökdeleni olan bu devasa gotik yapı, yıllar boyunca seri cinayetlere, intiharlara ve karanlık okült tarikatların ayinlerine ev sahipliği yapmıştır. Binanın karanlık çökmüş asma katlarında ve terasında, kurbanların ölüm enerjisi poltergeist (gürültücü ruh) aktivitesine dönüşerek ziyaretçilerin üzerine kara bir bulut gibi çöker.",4,
Minas da Passagem (Altın Madeni),Mariana,Brezilya,"Yeraltının kilometrelerce derinliğine inen ve bugün sular altında kalmış tünelleriyle ünlü devasa eski bir altın madeni. Göz gözü görmeyen dehlizlerde göçük altında kalan ve hastalıktan ölen yüzlerce kölenin feryatları yankılanır. Su ruhlarının (elementallerin) sahiplendiği bu madenin o ezici, primal karanlığı ruhunuzu emer.",4,
Teatro Amazonas (Amazon Operası),Manaus,Brezilya,"Amazon ormanlarının tam ortasında, kauçuk baronlarının köle kanı ve akıl almaz zenginliklerle inşa ettiği bu ihtişamlı opera binası. Geceleri boş salonda yankılanan bedensiz aryalar ve localarda beliren 19. yüzyıl kıyafetli gölgeler, ormanın o ilkel gücüyle aristokrasinin kibrinin çarpıştığı ağır ve tuhaf bir frekans yaratır.",3,
Dragsholm Slot (Dragsholm Şatosu),Zealand,Danimarka,Avrupa'nın en perili şatosu. Zindanlarında zincire vurularak yıllarca dışkısı içinde delirtilen Bothwell Kontu ve babası tarafından duvarların arasına canlı canlı örülen Beyazlı Kadın'ın mekanı. Şatoda gecelediğinizde o ezici izolasyon enerjisi ve duvarlardan gelen boğuk tırnak kazıma sesleri zihinsel kalkanlarınızı anında çökertir.,5,
Voergaard Slot (Kanlı Zindanlar),Kuzey Jutland,Danimarka,"Acımasızlığıyla bilinen Ingeborg Skeel'in yönettiği ve zindanlarında akıl almaz işkencelerin yapıldığı bu karanlık şato. Zeminde asırlardır silinemeyen o meşhur kan lekesinin etrafında durduğunuzda, derisi yüzülen mahkumların saf acı frekansını ve havada asılı kalan o paslı kan kokusunu auranızda hissedersiniz.",5,
Fyrkat Viking Kalesi (Adak Alanı),Hobro,Danimarka,"Bin yılı aşkın süre önce kanlı Viking ritüellerinin (Blót) ve insan adaklarının yapıldığı bu antik, dairesel pagan kalesi. Toprağına sinmiş olan o vahşi, primal (ilksel) pagan frekansı geceleri uyanır; sisin içinden yükselen ritmik savaş davulları ve görünmez savaşçıların o ezici, saldırgan enerjisi nefesinizi keser.",5,
Børglum Kloster (Børglum Manastırı),Vendsyssel,Danimarka,"Suikasta kurban giden zalim bir piskoposun ve karanlık sırların mekanı olan bu devasa, izole manastır. Gece yarısı zifiri karanlık koridorlarda yankılanan Latince dualar, aniden düşen sıcaklık ve havada süzülen yüzsüz keşiş gölgeleri; buradaki kutsal enerjinin karanlık majiyle tamamen zehirlendiğini gösterir.",4,
Kronborg Slot (Yeraltı Dehlizleri),Helsingør,Danimarka,"Shakespeare'in Hamlet'ine ilham veren, Baltık Denizi'nin acımasız rüzgarlarına açık bu devasa kalenin altındaki karanlık 'Kasematlar' (yeraltı zindanları). Güneş ışığının hiç girmediği bu rutubetli labirentte yürürken, asırlar önce burada hastalıktan ölen esirlerin kederi göğsünüze oturur; oksijenin aniden çekildiğini hissedersiniz.",4,
Koldinghus Harabeleri,Kolding,Danimarka,"1808 yılında devasa bir yangınla kül olan ve sonradan restore edilen eski kraliyet kalesi. Duvarlara sinen o korkunç yangının travması hala aktiftir. Paranormal araştırmacıların sıkça raporladığı yanık et kokusu ve boş salonlardan yankılanan panik dolu feryatlar, zaman çizgisinin felaket anında kilitli kaldığını kanıtlar.",4,
Rosenholm Slot,Hornlet,Danimarka,"Karanlık ormanlarla çevrili bu Rönesans şatosunda, ailesinin onuru için bir odaya hapsedilerek açlıktan ölüme terk edilen genç soylu bir kadının trajedisi yatar. Geceleri şatonun boş pencerelerinden dışarı bakan beyaz bir silüet ve ormanın derinliklerine yayılan o devasa, melankolik çaresizlik frekansı kalbinizi sızlatır.",4,
Spøttrup Borg,Skive,Danimarka,"Aşılmaz hendekler ve bataklıklarla çevrili, Orta Çağ'ın en izole savunma kalelerinden biri. Şiddetli savaşlara sahne olan surlarında, geceleri görünmez zırhların şakırtısı ve acı dolu iniltiler duyulur. Bataklığın o hipnotik, yutucu enerjisiyle birleşen kale aurası, ziyaretçileri boğucu bir yalnızlık hissine sürükler.",3,
Gammel Estrup,Auning,Danimarka,"Aristokrasinin kibri ve karanlık sırlarıyla zehirlenmiş bu asırlık malikane. Geceleri boş odalarda duyulan ipek elbise hışırtıları ve siyah gölgeler, malikanenin arafta kalmış eski sahiplerine aittir. Ziyaretçiler, aniden enselerinde hissettikleri buz gibi nefesler yüzünden evi çığlık çığlığa terk ettiklerini rapor ederler.",4,
Assistens Kirkegård,Kopenhag,Danimarka,"Şehrin göbeğinde, Hans Christian Andersen gibi isimlerin de yattığı devasa, gotik ve ormanlık mezarlık. Gündüzleri huzurlu görünen bu yer, karanlık çöktüğünde ağır bir ölüm frekansına bürünür. Devasa asırlık ağaçların arasından süzülen siyah, şekilsiz kütleler ve o koyu romantik yas enerjisi insanın aklını zorlar.",4,
Tranquille Sanatoryumu,Britanya Kolumbiyası,Kanada,"Binlerce verem hastasının acı içinde can verdiği ve yeraltı tünelleriyle birbirine bağlanan bu devasa terk edilmiş hastane. Karanlık dehlizlerinde yürürken, duvarlara sinmiş o boğucu hastalık enerjisini ve nefes darlığı çeken bedensiz varlıkların hırıltılarını auranızda hissedersiniz.",5,
Riverview Akıl Hastanesi,Britanya Kolumbiyası,Kanada,"On yıllar boyunca elektroşok tedavilerinin ve ağır psikolojik işkencelerin merkezi olan bu devasa tımarhane kompleksi. Boş koğuşlarında yankılanan histerik kahkahalar ve aniden üzerinize çöken o ezici, delirten anksiyete frekansı, buradaki binlerce kırık zihnin yarattığı kaotik bir girdaptır.",5,
HI Ottawa Eski Hapishanesi,Ontario,Kanada,"İdam cezasına çarptırılan mahkumların son günlerini geçirdiği ve asıldığı, Avrupa'nın en karanlık zindanlarını aratmayan bu soğuk taş bina. Özellikle ölüm hücresinde (Death Row) durduğunuzda, boynu kırılan ruhların o çaresiz, agresif enerjisi göğsünüze oturur ve nefes almanız zorlaşır.",4,
Blue Ghost Tüneli (Mavi Hayalet),Ontario,Kanada,"Kanada'nın en korkutucu ve izole yeraltı yapılarından biri olan bu terk edilmiş demiryolu tüneli. Zifiri karanlıkta tünelin sonuna doğru yürürken, inşaat sırasında can veren işçilerin feryatlarını ve tüneli ele geçirmiş olan o yoğun, mavi ışıklı elemental varlıkların üzerinize doğru geldiğini görürsünüz.",5,
Fort Henry Kalesi,Ontario,Kanada,"İngiliz askerlerinin ve esirlerin kanıyla yoğrulmuş, acımasız infazların yapıldığı tarihi savaş kalesi. Gece çöktüğünde kalenin avlusunda yankılanan tüfek sesleri ve karanlık zindanlardan gelen boğuk feryatlar, buranın hala aktif bir boyutsal savaş alanı olduğunu kanıtlar.",4,
The Keg Malikânesi,Ontario,Kanada,"Aristokrasinin karanlık sırlarına şahit olmuş ve evin hizmetçisinin merdiven boşluğunda kendini asmasıyla lanetlenmiş bu tarihi konak. Tuvaletlerde ve ana merdivenlerde aniden beliren o yoğun, kederli dişil enerji, ziyaretçilere fiziksel bir ağırlık ve boğulma hissi yaşatır.",4,
Craigdarroch Kalesi,Britanya Kolumbiyası,Kanada,"Zenginlik ve kibrin inşa ettiği ancak trajedilerle dolu bu devasa şato. Geceleri boş salonlardan gelen görünmez birinin çaldığı melankolik piyano sesleri ve kızıl saçlı bir kadın silüetinin odayı aniden donduran varlığı, buranın zaman çizgisinin kederle kilitlendiğini gösterir.",4,
Halifax Citadel Kalesi,Yeni İskoçya,Kanada,"Atlantik'in dondurucu rüzgarlarına açık bu sarp kale, intihar eden ve hapsedilen askerlerin ruhlarıyla doludur. Surların üzerinde yürürken, üniformalı gölgelerin sizi izlediğini ve rüzgara karışan komut seslerinin aklınızı bulandıran o ağır askeri disiplin travmasını taşıdığını hissedersiniz.",3,
Gibraltar Point Feneri,Ontario,Kanada,"1815'te vahşice öldürülüp parçalara ayrılan fener bekçisi John Paul Radelmüller'in arafta kaldığı bu ıssız fener. Sisli gecelerde kulenin merdivenlerinden gelen ağır bot sesleri ve kanlı cinayet anının havada asılı kalan o paslı, şiddet dolu frekansı insanın kanını dondurur.",4,
Firkins Evi (Fort Edmonton),Alberta,Kanada,"Kanada'nın en şiddetli poltergeist (gürültücü ruh) vakalarından birine ev sahipliği yapan ahşap konak. Kapıların kendiliğinden şiddetle çarpıldığı, eşyaların havada uçuştuğu ve evin etrafını saran o agresif, dışlayıcı karanlık zekanın enerjisi, buraya adım atanların kalbine saf bir dehşet eker.",4,Paris Yeraltı Mezarları (Katakomplar),Paris,Fransa,"Işıklar şehrinin altında yatan altı milyondan fazla iskeletin oluşturduğu bu devasa ölüm labirenti. Klostrofobik tünellerde ilerlerken, kafataslarının boş göz çukurlarından size sızan o ezici ve kolektif karanlık, ruhunuzu emer. Işıkların ötesine geçildiğinde duyulan bedensiz fısıltılar ve zihni ele geçiren kaybolma hissi tam bir astral kabustur.",5,
Oradour-sur-Glane (Şehitler Köyü),Nouvelle-Aquitaine,Fransa,"Nazi askerleri tarafından 1944'te kadın ve çocukların kilisede diri diri yakıldığı, erkeklerin kurşuna dizildiği ve o günden beri dokunulmadan bırakılan bu hayalet kasaba. Yıkık evlerin ve yanmış arabaların arasında dolaşırken, havada asılı kalan o devasa travma ve haksız ölüm frekansı insanın göğsünü paramparça eder.",5,
Château de Fougeret,Vienne,Fransa,"Fransa'nın paranormal aktivitesi en yüksek ve en agresif şatolarından biri. Ziyaretçilerin fiziksel saldırıya uğradığı, eşyaların havada uçuştuğu ve odalarda görünmez varlıkların ağır nefeslerinin duyulduğu bu mekanda, öte alem perdesi tamamen yırtılmıştır; buradaki poltergeist enerjisi kalkanlarınızı anında deler.",5,
Montségur Kalesi,Occitanie,Fransa,"Sarp bir dağın zirvesinde yer alan ve 1244'te yüzlerce Kathar müridinin engizisyon tarafından dağın eteklerinde diri diri yakıldığı bu trajedi merkezi. Zirvedeki yıkıntıların arasında esen rüzgar, alevlerin içinde can verenlerin feryatlarını taşır; dağın o acımasız ve fanatik ölüm enerjisi ziyaretçileri transa sokar.",5,
Père Lachaise Mezarlığı,Paris,Fransa,"Dünyanın en ünlü ve en gotik mezarlığı. Devasa anıt mezarların ve karga sürülerinin hüküm sürdüğü bu alanda, özellikle karanlık çöktüğünde yapılan okült ve satanik ritüellerin enerjisi uyanır. Heykellerin arasından süzülen şekilsiz gölgeler ve o melankolik, aristokratik ölüm frekansı zihni yavaş yavaş zehirler.",4,
Château de Puymartin,Dordogne,Fransa,"Kocası tarafından kuledeki küçük bir odaya hapsedilen ve 15 yıl boyunca orada delirerek ölen Thérèse de Saint-Clar'ın ruhu tarafından sahiplenilmiştir. Geceleri şatonun koridorlarında dolaşan 'Beyazlı Kadın'ın o kederli ve saplantılı dişil enerjisi, kuleye adım atanların nefesini kesen bir ağırlık yaratır.",4,
Versailles Sarayı (Petit Trianon),Versay,Fransa,"Marie Antoinette'in kaçış alanı olan bu saray bahçesinde, zaman anomalileri (Moberly-Jourdain olayı) yaşandığı iddia edilir. Geceleri bahçede dolaşırken aniden etrafın 18. yüzyıl frekansına geçmesi, havada beliren giyotin travmasının ve o aristokratik kibrin boğucu enerjisi, ziyaretçileri boyutsal bir girdaba çeker.",4,
Brocéliande Ormanı,Bretanya,Fransa,"Kral Arthur efsanelerine ve karanlık Kelt büyülerine ev sahipliği yapan bu kadim, zifiri orman. Peri vadisi ve dönüşü olmayan yolların bulunduğu bu ağaçlık alanda, doğa elementallerinin ve eski druidlerin bıraktığı o vahşi, primal maji aktiftir; orman geceleri dışarıdan gelen herkesi yutmak isteyen bir bilince bürünür.",4,
Château de Châteaubriant,Loire-Atlantique,Fransa,"Kıskanç kocası tarafından kanı yavaşça akıtılarak katledilen Françoise de Foix'nın kanlı mirası. Efsaneye göre her yıl cinayet gününde şatonun merdivenlerinde küçük kan havuzları belirir. Zindanlardan ve odalardan yayılan o paslı kan kokusu ve ihanetin kederli frekansı, kaleyi adeta bir astral hapishaneye çevirmiştir.",4,
Gouffre de Padirac (Şeytanın Çukuru),Lot,Fransa,"Efsaneye göre doğrudan Lucifer'in toprağa vurarak açtığı devasa ve karanlık bir yeraltı uçurumu. Güneş ışığının ulaşamadığı metrelerce derinlikteki yeraltı nehirlerinde sandalla ilerlerken, yeraltı dünyasının o ezici, klostrofobik ve hipnotik enerjisi sizi sonsuz bir karanlığa çekmek ister.",4,
Qız Qalası (Kız Kulesi),Bakü,Azerbaycan,"Hakkında sayısız efsane bulunan, sevmediği biriyle (veya bazı efsanelere göre kendi babasıyla) evlendirilmek istendiği için bir prensesin zirvesinden kendini Hazar'ın karanlık sularına bıraktığı bu kadim yapı. Taş duvarlara asırlardır sinen o çaresiz, melankolik dişil enerji ve intiharın o ağır frekansı, kuleye çıkanların göğsünü görünmez bir mengene gibi sıkar.",4,
Qobustan (Gobustan) Şaman Kayalıkları,Bakü,Azerbaycan,"On binlerce yıl öncesinin ilkel şamanik ritüellerine ev sahipliği yapmış bu devasa kaya oymaları alanı. Geceleri çamur volkanlarının topraktan çıkardığı o boğuk, nefes alma benzeri sesler ve rüzgarın kayalara çarparak fısıldadığı kadim dualar, buranın hala doğa ruhları (elementaller) tarafından korunan aktif bir astral portal olduğunu kanıtlar.",5,
Atəşgah (Ateş Tapınağı),Bakü,Azerbaycan,"Tarih boyunca Zerdüştlerin ve Hintli çilekeş rahiplerin sönmeyen ateşe taptığı bu mistik merkez. Kendilerini zincirlere vurarak, aç bırakarak ve fiziksel acı çekerek aydınlanmaya çalışan bu fanatik rahiplerin o kaotik, yakıcı ve ağır çile frekansı, tapınağın avlusunda hala görünmez bir duman gibi asılı durmaktadır.",4,
1139 Gəncə Depremi ve Göygöl,Gəncə,Azerbaycan,"1139 yılında meydana gelen ve koca bir şehri yutarak yüz binlerce insanı canlı canlı toprağa gömen devasa depremin yarattığı bu doğa harikası göl. Suyun o pürüzsüz ve muazzam güzelliğinin altında, bir gecede yok olan yüz binlerce insanın toplu kederi ve o ani ölüm travmasının yarattığı karanlık bir su enerjisi yatar.",5,
Əlincə Qalası (Alınca Kalesi),Nahçıvan,Azerbaycan,"Sarp bir dağın zirvesinde, Timur'un acımasız ordularına karşı 14 yıl boyunca direnmiş bu kanlı ve izole savaş kalesi. Kayalıklara sinmiş olan saf savaş, açlık ve vahşet enerjisi o kadar ağırdır ki, gece karanlığında zirvede durduğunuzda kılıç seslerini ve yüzlerce yıl önceki o ölümcül kuşatmanın panik frekansını auranızda hissedersiniz.",5,
Səadət Sarayı (Muhtarov Sarayı),Bakü,Azerbaycan,"Büyük bir aşkla inşa edilen ancak Bolşevik işgali sırasında petrol baronu Murtuza Muhtarov'un evini basan askerleri vurup ardından at üstünde kendi beynine kurşun sıktığı bu ihtişamlı saray. Binanın o görkemli salonlarında hala ani, şiddetli bir ölümün ve yıkılan bir imparatorluğun o paslı, kederli frekansı yankılanmaktadır.",4,
Xınalıq (Kınalık) Dağ Köyü,Quba,Azerbaycan,"Kafkas dağlarının bulutları delen zirvelerinde, binlerce yıldır medeniyetten tamamen izole yaşamış, dilleri bile farklı olan bu kadim pagan köyü. Geceleri köyü yutan o yoğun, zifiri sisin içinden dağ ruhlarının fısıltıları duyulur; buradaki ezici izolasyon enerjisi, modern dünyanın zaman çizgisinden tamamen koptuğunuzu hissettirir.",4,
Diri Baba Türbesi,Qobustan,Azerbaycan,"Doğrudan sarp bir uçurumun içine oyulmuş bu mistik Sufi türbesi. Efsaneye göre burada inzivaya çekilen ve bedeni hiç çürümeyen (Diri) dervişin aurası mekanı tamamen ele geçirmiştir. Merdivenlerden yukarı çıkarken havada hissettiğiniz o ağır, hipnotik trans enerjisi zihninizi sarsarak sizi başka bir boyuta çeker.",4,
Azıx (Azıh) Mağarası,Xocavənd,Azerbaycan,"İnsanlık tarihinin en eski yerleşim yerlerinden biri olan, zifiri karanlık dehlizleriyle bu devasa yeraltı labirenti. Yüz binlerce yıllık o en ilkel korkuların (karanlık korkusu, yırtıcı korkusu) ve hayatta kalma güdüsünün yarattığı o primal (ilksel) enerji, mağaranın derinliklerine adım attığınız anda kalp atışlarınızı hızlandırır.",5,
Bibiheybat Terk Edilmiş Petrol Kuyuları,Bakü,Azerbaycan,"Kıyamet sonrası (post-apokaliptik) bir filmi andıran, çürüyen devasa demir pompaların ve siyah petrol birikintilerinin olduğu bu ıssız arazi. Sanayi devrimi sırasında burada acımasız şartlarda çalışırken çıkan yangınlarda kül olan işçilerin o sanayi tipi, toksik kederi ve toprağın kanının emilmesinden doğan o ağır, öfkeli enerji auranızı boğar.",3,
Borgvattnet Rahip Evi,Jämtland,İsveç,"İsveç'in en bilinen perili evlerinden biri. Ahşap koridorlarında yürürken görünmez varlıkların sizi ittiğini, eşyaların şiddetle fırlatıldığını ve çaresizce ağlayan kadınların seslerini duyarsınız. Buradaki poltergeist enerjisi o kadar agresiftir ki, geceyi burada geçirenlerin aurası adeta fiziksel bir dayak yemiş gibi tükenir.",5,
Frammegården Cadı Evi,Värmland,İsveç,"Karanlık ormanların ortasında, cadı avı döneminde yakılan kadınların infaz alanına kurulan bu lanetli ahşap çiftlik. Odalarında yatarken üzerinize çöken o ezici uyku felci (karabasan) hissi ve tavan arasında bitmek bilmeyen o ağır, bedensiz ayak sesleri, toprağın intikam frekansını iliklerinize kadar işletir.",5,
Stortorget (Kan Banyosu Meydanı),Stockholm,İsveç,"1520'deki 'Stockholm Kan Banyosu'nda 82 soylunun başının kesildiği ve kanların sokaklardan nehir gibi aktığı tarihi meydan. Kasım aylarında yağmur yağdığında parke taşlarından kan sızdığı efsanesi anlatılır; meydanın ortasında durduğunuzda yüzlerce yıllık ihanetin ve o paslı, metalik ölüm frekansının göğsünüze oturduğunu hissedersiniz.",4,
Toftaholm Malikanesi,Småland,İsveç,"Baronun kızına aşık olan ama kavuşamayacağını anlayınca kendini malikanenin kirişine asan genç Mats'ın melankolik ruhu burayı hiç terk etmemiştir. Gece yarısı kendiliğinden açılan ağır meşe kapılar ve koridorlarda esen o dondurucu, kederli rüzgar, ziyaretçilerin kalbini tarifsiz bir hüzünle sıkar.",4,
Spökslottet (Hayalet Sarayı),Stockholm,İsveç,"Eski sahibi Jacob Knigge'nin şeytanın sürdüğü bir kara arabaya binip kaybolduğuna inanılan, şeytani sembollerle dolu lanetli saray. Aynaların kırıldığı, duvarların içinden müzik seslerinin ve histerik kahkahaların yükseldiği bu yapının aurası, aklın sınırlarını zorlayan yoğun bir okült delilik enerjisi yayar.",5,
Glimmingehus Kalesi,Skåne,İsveç,"İskandinavya'nın en iyi korunmuş ama en karanlık Orta Çağ kalelerinden biri. Zifiri karanlık zindanlarından gelen zincir şakırtıları ve kalenin etrafında devriye gezen devasa, kırmızı gözlü cehennem köpekleri (Barghest) efsanesi. Kalenin kalın taş duvarları, savaşın ve izolasyonun o ilkel ve vahşi frekansını hapseder.",4,
Kymlinge Metro İstasyonu,Stockholm,İsveç,"İsveç şehir efsanelerinin zirvesi: 'Silverpilen' (Gümüş Ok) adlı hayalet trenin son durağı. Asla tamamlanmamış bu karanlık yeraltı istasyonu için 'Sadece ölüler Kymlinge'de iner' denir. Boş peronlarda yankılanan tren sesleri ve karanlığın içinden size donuk gözlerle bakan yolcu silüetleri, tam bir boyutsal kayboluş hissi yaratır.",5,
Nidingen Feneri,Halland,İsveç,"İsveç'in en ölümcül resiflerinin ortasında, binlerce denizcinin sulara gömüldüğü kayalıklarda yükselen izole fener. Fırtınalı gecelerde Kuzey Denizi'nin acımasız dalgalarına karışan boğulma çığlıkları ve ıslak, bedensiz varlıkların kule merdivenlerindeki ağır ayak sesleri; suyun o yutucu, karanlık enerjisini auranıza kazır.",4,
Lund Katedrali Mahzeni,Skåne,İsveç,"Yüzlerce yıllık bu devasa katedralin, zifiri karanlık ve buz gibi soğuk olan alt mahzenleri (kripta). Dev Finn efsanesiyle bilinen taş sütunların arasında yürürken, arkanızda sürekli sizi izleyen kadim bir gölgenin varlığını hissedersiniz; buradaki o ağır, ezici dini/gotik frekans nefes almayı bile zorlaştırır.",3,
Häringe Slott (Häringe Şatosu),Södermanland,İsveç,"Karanlık mahzenlerinde asırlar önce duvarlara canlı canlı örülen bir keşişin iniltilerinin duyulduğu aristokratik şato. Odalarda aniden düşen sıcaklık ve gece yarısı koridorlarda beliren 400 yıllık bir çocuğun bedensiz silüeti, şatonun zaman çizgisini sonsuz bir yas döngüsüne kilitlemiştir.",4,
Capela dos Ossos (Kemikler Şapeli),Évora,Portekiz,"'Biz burada yatan kemikler, sizinkileri bekliyoruz' yazısıyla ziyaretçileri karşılayan, beş binden fazla insanın iskeletinden inşa edilmiş bu klostrofobik şapel. Duvarlara dokunduğunuzda ölümün o soğuk, kaçınılmaz gerçeği ve arafta kalmış binlerce ruhun yarattığı ağır ölüm frekansı nefesinizi keser.",5,
Quinta das Lágrimas (Gözyaşı Malikânesi),Coimbra,Portekiz,"Kraliyetin karanlık bir suikastına kurban giden Inês de Castro'nun vahşice öldürüldüğü bu tarihi bahçe. Efsaneye göre kırmızı kayalardaki lekeler hala onun kanıdır; suyun kenarında durduğunuzda asırlar öncesinin o yoğun, haksız ölüm kederi ve ihanet enerjisi göğsünüze bir mengene gibi oturur.",4,
Valongo Sanatoryumu,Valongo,Portekiz,"Beyaz Veba (Verem) kurbanlarının tecrit edildiği ve binlercesinin acı içinde can verdiği bu devasa çürüyen kompleks. Ormanın derinliklerindeki bu harabeye çöken zifiri karanlıkta, duvarlardan gelen boğuk öksürük krizlerini ve nefessiz kalarak ölenlerin o boğucu hastalık enerjisini tüm hücrelerinizde hissedersiniz.",5,
Sintra Dağları (Karanlık Orman),Sintra,Portekiz,"Dışarıdan bir masal diyarını andıran ama geceleri pagan ayinlerine, masonik ritüellere ve boyut kapılarına ev sahipliği yapan bu sisli dağ. Özellikle Initiation Well (İnisiyasyon Kuyusu) etrafında durduğunuzda, yeraltı dünyasının o hipnotik çekim gücü ve kadim okült frekanslar zihninizi tamamen transa sokar.",5,
Beau-Séjour Sarayı,Lizbon,Portekiz,"Glória Baronu'nun ruhu tarafından sahiplenilmiş bu görkemli 19. yüzyıl sarayı. Boş koridorlarında kendiliğinden çalan çanlar, görünmez ellerin savurduğu eşyalar ve aniden bastıran dondurucu hava dalgaları; buranın sadece bir bina değil, Baron'un inatçı ve dışlayıcı enerjisiyle mühürlenmiş aktif bir poltergeist alanı olduğunu gösterir.",4,
Castelo de Almourol (Tapınakçı Kalesi),Vila Nova da Barquinha,Portekiz,"Tejo Nehri'nin ortasında sisli bir adacığa inşa edilen bu izole Tapınak Şövalyeleri kalesi. Karanlık sularla çevrili bu yapının taşlarında, asırlar önce ihanete uğrayan şövalyelerin ve nehirde kaybolanların o melankolik, ağır sır frekansı yatar; gece adaya yaklaşanları görünmez bir zırh şakırtısı karşılar.",4,
Teatro Lethes,Faro,Portekiz,"Eski bir Cizvit kolejinin kalıntıları üzerine kurulan ve sahnede intihar eden bir balerinin lanetini taşıyan tiyatro. Gösteri bittikten sonra boşalan salonda yankılanan görünmez ayak sesleri ve sahnede biriken o koyu, kederli intihar enerjisi, sanatın ve ölümün en karanlık dansını auranıza kazır.",3,
Peniche Kalesi (Zindanları),Peniche,Portekiz,"Okyanusun acımasız dalgalarının dövdüğü bu sarp kale, uzun yıllar boyunca siyasi mahkumların ağır işkencelerden geçirildiği bir tecrit merkeziydi. Zifiri karanlık izolasyon hücrelerinde durduğunuzda, aklını yitiren mahkumların o paslı çaresizliği ve okyanus rüzgarına karışan iniltileri kalbinizi sızlatır.",4,
Palacete Marques Gomes,Vila Nova de Gaia,Portekiz,"Uzun yıllar terk edilmiş halde kalan ve sayısız EVP (Elektronik Ses Fenomeni) kaydına konu olan bu lanetli malikane. Paranormal araştırmacıların girmeye çekindiği bu yapının çökmüş salonlarında, şeytani fısıltılar ve aniden cihazların pillerini emen o aç, alt boyut frekansı insanı derinden sarsar.",4,
Caramulo Sanatoryumu,Caramulo,Portekiz,"Avrupa'nın bir dönem en büyük sağlık kompleksi olan ama bugün dağların zirvesinde bir hayalet şehri andıran devasa harabe. Çürüyen yatakhanelerde ve sonsuz gibi görünen koridorlarda esen dondurucu dağ rüzgarı, burada can veren binlerce kırık ruhun veda edememiş yas enerjisini direkt olarak ruhunuza aktarır.",4,
Vardø Cadı İnfaz Alanı (Steilneset),Vardø,Norveç,"Kutup dairesinin dondurucu soğuğunda, 17. yüzyılda Avrupa'nın en acımasız cadı avlarının yapıldığı ve 91 kişinin diri diri yakıldığı bu lanetli kıyı. Rüzgarın uğultusuna karışan o tarifsiz yanık et kokusu ve haksız yere katledilenlerin toprağa sinen saf öfkesi, buraya adım atanların aurasını adeta buz gibi bir bıçakla keser.",5,
Lier Akıl Hastanesi,Viken,Norveç,"1980'lerde karanlık sırlarıyla terk edilen, hastalara yasadışı LSD deneylerinin ve vahşi lobotomilerin uygulandığı devasa çürüyen kompleks. Duvarları dökülen koğuşlarda yürürken, aklını yitirmiş hastaların göğsünüze binen o ezici anksiyetesini ve koridorlardan süzülen bedensiz, histerik gölgeleri tüm çakralarınızda hissedersiniz.",5,
Hotel Union Øye (Mavi Oda),Ørsta,Norveç,"Sarp dağlar ve fiyortlar arasına gizlenmiş bu asırlık otelin 'Mavi Oda'sı (Blårommet), yasak bir aşkın karanlık sonuna şahitlik etmiştir. İntihar eden genç Linda'nın arafta kalan kederli ruhu odanın içinde hapsolmuştur. Gece yarısı koridorda yankılanan ayak sesleri ve havayı aniden dolduran o boğucu, buz gibi intihar enerjisi ziyaretçilerin aurasını dondurur.",4,
Nidaros Katedrali Mahzeni,Trondheim,Norveç,"Kuzey Avrupa'nın en görkemli ama bir o kadar da karanlık gotik yapısı. Güneş battığında katedralin derinliklerinden gelen ve boynunda kanlı bir yara iziyle dolaşan 'Gözleri Oyuk Keşiş'in silüeti, buradaki kutsal enerjinin aslında arafta kalmış çok daha karanlık bir okült titreşimle iç içe geçtiğini kanıtlar.",4,
Pyramiden Hayalet Kasabası,Svalbard,Norveç,"Kuzey Kutbu'nun acımasız ıssızlığında, bir gecede terk edilip zamanın 1998'de donup kaldığı bu devasa Sovyet maden şehri. Yılın büyük bir kısmını zifiri karanlıkta geçiren bu buzul kentinde dolaşırken, binaların boş pencerelerinden sizi izleyen o devasa yalnızlık ve soğuk ölüm enerjisi zihninizi felç eder.",5,
Nes Kilise Harabeleri,Viken,Norveç,"Karanlık bir ormanın kalbinde yer alan, 1800'lerde karanlık varlıklarla anlaştığı söylenen ve kendi çocuklarını öldürdükten sonra sunak arkasına gömülen rahip Finckenhagen'in lanetli harabesi. Geceleri çöken o ağır, bataklık benzeri enerji ve aniden arkanızda beliren uzun siyah gölgeler iradenizi ele geçirmek ister.",4,
Dalen Hotel (Oda 17),Telemark,Norveç,"Sarp dağların arasında, ejderha başı oymalarıyla süslü bu devasa gotik ahşap otel. Bebeğini öldürüp intihar eden 'İngiliz Kadın' Miss Greenfield'ın kederli ruhu 17 numaralı odada kilitli kalmıştır. Geceleri boş beşiğin sallanma sesi ve havayı aniden dolduran o boğucu, soğuk yas frekansı ziyaretçileri dehşete düşürür.",4,
Fredriksten Kalesi,Halden,Norveç,"İsveç Kralı XII. Karl'ın vurularak öldürüldüğü ve yüzlerce askerin kanının aktığı sarp sınır kalesi. Surlarda devriye gezen beyazlı kadın ('Hvite Dame') silüeti ve gece yarısı aniden yükselen bedensiz savaş naraları, toprağın o paslı ve şiddet dolu savaş travmasını hala aktif bir şekilde kustuğunu gösterir.",3,
Bærums Verk Demirhanesi,Viken,Norveç,"Yüzyıllar önce köle gibi çalıştırılan işçilerin kanı ve teriyle dönen bu tarihi sanayi bölgesi. Gece çöktüğünde eski fırınların etrafında yeşil elbiseli Anna Krefting'in kontrolcü ruhu dolaşır; o dondurucu nehir rüzgarına karışan örs sesleri, zamanın kırıldığını ve sanayi devriminin o ağır, isli enerjisinin auranızı boğduğunu hissettirir.",3,
Munkholmen (Keşiş Adası),Trondheim,Norveç,"Trondheim fiyordunun ortasında; bir zamanlar idam alanı, manastır ve en azılı suçluların hapsedildiği bir zindan adası. Kıyılarına vuran okyanus dalgalarına karışan kesik başların ağıtları ve adanın üzerindeki o ezici tecrit enerjisi, buraya ayak basanların nefesini kesen karanlık bir ruhsal karantina alanı yaratır.",4,
Houska Kalesi,Prag (Yakınları),Çek Cumhuriyeti,Efsaneye göre doğrudan cehenneme açılan dipsiz bir çukuru mühürlemek için inşa edilmiş bu şeytani kale. İkinci Dünya Savaşı'nda Nazilerin karanlık okült deneylerine sahne olan bu yapının altından geceleri kanatlı yaratıkların ve alt boyut varlıklarının duvarları tırmalama sesleri gelir; buradaki aura insanı deliliğin eşiğine getirir.,5,
Sedlec Ossuary (Kemik Kilisesi),Kutná Hora,Çek Cumhuriyeti,"Kara Veba ve savaş kurbanlarından geriye kalan kırk binden fazla insanın kemikleriyle dekore edilmiş bu gotik şapel. Tavandan sarkan kemik avizelerin ve kafataslarından örülmüş duvarların arasında dolaşırken, on binlerce ruhun ölüm enerjisi auranıza yapışır; ölümün o sessiz ve ezici estetiği nefesinizi keser.",5,
Bohnice Psikiyatri Mezarlığı,Prag,Çek Cumhuriyeti,"Avrupa'nın en büyük ve en karanlık terk edilmiş tımarhane mezarlığı. Katillerin, delilerin ve intihar edenlerin isimsiz mezarlarına ev sahipliği yapan bu sarmaşık kaplı ormanlık alan, satanik ayinlerin merkezidir. Toprağın altında yatan parçalanmış zihinlerin o kaotik ve ağır anksiyete frekansı, ziyaretçilere fiziksel bir ağırlık olarak çöker.",5,
Špilberk Kalesi Zindanları,Brno,Çek Cumhuriyeti,"'Halkların Hapishanesi' olarak bilinen ve Avrupa'nın en ağır işkence merkezlerinden biri olan bu devasa kale zindanı (Kasematlar). Zifiri karanlık hücrelerde zincire vurulan esirlerin o çürümüş ve kırık dökük enerjisi o kadar ağırdır ki, tünellerde ilerlerken oksijenin azaldığını ve karanlığın sizinle nefes aldığını hissedersiniz.",5,
Faust Evi (Faustův dům),Prag,Çek Cumhuriyeti,"Prag'ın kalbinde, yüzyıllar boyunca kara büyücülerin ve simyacıların yaşadığı, şeytanla anlaşmaların yapıldığı efsanevi konak. Duvarlarına sinmiş olan o yoğun simya ve maji enerjisi, binada hala aktif bir okült portalın açık olduğunu gösterir; geceleri boş pencerelerden dışarı sızan tuhaf ışıklar ve fısıltılar insanın aklını zorlar.",4,
Jihlava Yeraltı Dehlizleri,Jihlava,Çek Cumhuriyeti,"Avrupa'nın en gizemli yeraltı labirentlerinden biri. Açıklanamayan fosforlu yeşil bir ışık yayan zifiri karanlık koridorlarda yürürken, arkanızdan gelen görünmez ayak sesleri duyarsınız. Yeraltının o boğucu ve izole enerjisi, burada arafta kalmış eski madencilerin ve engizisyon kurbanlarının kederiyle birleşerek sizi yutmak ister.",4,
Zvíkov Kalesi,Güney Bohemya,Çek Cumhuriyeti,"Nehirlerin birleştiği noktada yükselen ve Çekya'nın en perili şatolarından biri kabul edilen bu kadim kale. 'Zvíkov'un Şeytanı' olarak bilinen görünmez bir varlığın koridorlarında devriye gezdiği, cihazların anında bozulduğu ve hayvanların girmeyi reddettiği bu alan, son derece agresif ve düşmanca bir frekansa sahiptir.",4,
Daliborka Kulesi (Açlık Zindanı),Prag,Çek Cumhuriyeti,"Prag Kalesi'nin surlarında yer alan ve adını ilk mahkumu Dalibor'dan alan bu korkunç açlık zindanı. Işığın girmediği bu yuvarlak kulede yavaş yavaş açlıktan ölüme terk edilen mahkumların umutsuzluğu taşlara kan gibi işlemiştir. Zindanın dibine baktığınızda, o yavaş ve acı verici ölümün frekansı kalbinizi bir mengene gibi sıkar.",4,
Velhartice Kalesi,Plzeň,Çek Cumhuriyeti,"Ölülerin diriltildiği karanlık maji ritüellerine şahitlik etmiş ve Çek folklorunun en korkunç masallarına ilham vermiş bu izole şato. Özellikle avlusunda ve mezarlık bölgesinde hissedilen o devasa negatif enerji alanı (vortex), auranızı anında zayıflatarak sizi derin ve açıklanamaz bir melankoliye sürükler.",4,
Eski Şehir Köprü Kulesi,Prag,Çek Cumhuriyeti,"1621'de idam edilen 27 Bohemyalı isyancı soylunun kesik başlarının ibret için yıllarca demir kafeslerde asılı kaldığı bu gotik kule. Karl Köprüsü'nün bu karanlık girişinde, geceleri hala o kanlı infazın öfkesi nabız gibi atar; köprüde esen rüzgara karışan bedensiz iniltiler, intikam arayan aristokrat ruhların enerjisidir.",3,
Presidio de Ushuaia (Dünyanın Sonu Hapishanesi),Ushuaia,Arjantin,"Antarktika'nın dondurucu soğuğuna terk edilmiş, Arjantin'in en azılı seri katillerinin ve psikopatlarının kapatıldığı 'Dünyanın Sonu' zindanı. İzolasyonun ve vahşetin duvara sindiği bu hücrelerde durduğunuzda, aklını yitiren mahkumların o paslı çaresizliği ve acımasız soğuğun yarattığı ölümcül frekans auranızı ezer.",5,
Gran Hotel Viena,Miramar,Arjantin,"Suların yuttuğu ve İkinci Dünya Savaşı sonrası Nazilerin Güney Amerika'daki gizli sığınaklarından biri olduğu iddia edilen devasa harabe otel. Tuzlu suların çürüttüğü koridorlarında, karanlık okült ritüellerin izleri ve arafta kalmış eski misafirlerin ağır enerjisi yatar; geceleri boş pencerelerden dışarı sızan o ezici poltergeist aktivitesi zihni sarsar.",5,
Cementerio de la Recoleta,Buenos Aires,Arjantin,"Dünyanın en görkemli ama en kederli mezarlıklarından biri. Katalepsi krizi geçirip diri diri gömülen Rufina Cambaceres'in çaresizliği ve yüzlerce gotik anıt mezarın yarattığı o aristokratik ölüm enerjisi. Dar mermer sokaklarda yürürken, sizi izleyen ağlayan melek heykellerinin arasından süzülen soğuk ölüm frekansı nefesinizi keser.",4,
Hotel Edén,La Falda,Arjantin,"Verem hastalarına umut olarak kurulan ama binlerce kişinin kan kusarak öldüğü, sonrasında yine karanlık isimlere ev sahipliği yapmış eski lüks otel. Özellikle geceleri boş balo salonundan gelen bedensiz ayak sesleri ve duvarlara sinmiş o boğucu, hastalıklı ölüm frekansı, içeri girenlerin oksijenini aniden keser.",5,
Villa Epecuén (Sular Altındaki Kasaba),Buenos Aires (Eyalet),Arjantin,"Tuzlu suların altında çeyrek asır kaldıktan sonra kıyamet sonrası (post-apokaliptik) bir hayalet kasaba olarak yüzeye çıkan bu beyaz, ölü şehir. Tuzla kaplanmış ölü ağaçların ve yıkık evlerin arasında dolaşırken, bir gecede yok olan hayatların o devasa, melankolik yas enerjisi göğsünüze kurşun gibi oturur.",4,
Cerro Uritorco (Uritorco Dağı),Capilla del Monte,Arjantin,"Sadece bir dağ değil, Arjantin'in en büyük boyutsal kapılarından (astral portal) biri. Devasa manyetik anomalilerin yaşandığı, cihazların sustuğu ve gece ormanlık alanda alt boyut varlıklarının fısıltılarının duyulduğu bu dağ; insan zihnini tamamen transa sokan ve gerçeklik algısını büken ilkel bir frekans yayar.",5,
Torre del Fantasma (Hayalet Kulesi),Buenos Aires,Arjantin,"La Boca'nın renkli sokaklarında zifiri karanlık bir leke gibi duran bu kule, tavan arasından kendini atarak intihar eden Clementina'nın ruhuyla lanetlenmiştir. Binanın etrafından geçerken bile, havadan aniden düşen nesneler ve yukarıdan size bakan o kederli, intikam dolu dişil enerji auranızı adeta bıçaklar.",4,
Hospital Borda (Psikiyatri Hastanesi),Buenos Aires,Arjantin,"Arjantin'in en eski ve en ağır vakalarının yattığı, insan aklının sınırlarının acımasızca aşıldığı devasa tımarhane kompleksi. Terk edilmiş eski koğuşlarda yankılanan histerik kahkahalar ve duvarlara tırnaklarla kazınmış o çaresiz hezeyanlar; binlerce kırık zihnin yarattığı o delirten anksiyete frekansını tüm çakralarınıza zerk eder.",5,
Palacio de los Bichos (Böcekler Sarayı),Buenos Aires,Arjantin,"Düğün günlerinde malikanenin hemen yanındaki tren yolunda feci şekilde can veren genç bir çiftin ardından, kederli babanın kapılarını sonsuza dek mühürlediği o lanetli yapı. Geceleri etraftan tren geçmemesine rağmen duyulan korkunç kaza sesleri ve binadan yayılan o ani, travmatik ölüm enerjisi insanın kanını dondurur.",4,
Ruinas de San Ignacio Miní,Misiones,Arjantin,"Cizvit rahipleri tarafından kurulan ancak sonrasında sömürgeci haydutlar (Bandeirantes) tarafından vahşice kan gölüne çevrilen orman içindeki bu devasa kızıl taş harabeleri. Tropik ormanın yuttuğu bu kanlı tapınak kalıntılarında gece rüzgarı estiğinde, kılıçtan geçirilen binlerce yerlinin ölüm frekansını ve o ezici vahşet enerjisini hissedersiniz.",4,
Chaonei No. 81 (Lanetli Konak),Pekin,Çin,"Komünist devrim sırasında kocasının onu terk etmesi üzerine kendini asarak intihar eden bir general eşinin ruhuyla lanetlenmiş bu devasa Fransız konağı. Harabe halindeki odalarda yürürken, aniden düşen sıcaklık ve havada asılı kalan o yoğun, kederli dişil enerji ziyaretçilerin nefesini keser.",5,
Yasak Şehir (Ağlayan Cariyeler),Pekin,Çin,"600 yıl boyunca entrikalara, zehirlenmelere ve acımasız infazlara sahne olan bu devasa saray kompleksi. Gece karanlığında 'Ağlayan Cariyeler Koridoru'nda dolaşan beyazlı silüetler ve duvarlara sinmiş o boğucu, kanlı aristokratik ölüm frekansı, buranın zaman çizgisinde arafta kilitli kaldığını kanıtlar.",5,
Fengdu Hayalet Şehri,Çongçing,Çin,"Çin mitolojisinde doğrudan cehenneme (Diyu) açılan bir kapı olduğuna inanılan bu kadim tapınak kompleksi. Şeytani işkence tasvirlerinin yer aldığı heykellerin arasında dolaşırken, yeraltı dünyasının o ezici, hipnotik ve kaotik frekansı tüm çakralarınızı sarsar; alt boyut varlıklarının nefesini ensenizde hissedersiniz.",5,
Liwan Plaza,Guangzhou,Çin,"Eski bir Qing Hanedanı idam alanının tam üzerine inşa edilen ve onlarca açıklanamayan intihara sahne olan devasa alışveriş merkezi. Çinlilerin 'Ceset Meydanı' olarak adlandırdığı bu alanda, topraktan yukarı doğru yükselen o paslı kan enerjisi ve intihara sürükleyen agresif karanlık bilinç auranızı paramparça eder.",5,
Poyang Gölü (Ölüm Suları),Jiangxi,Çin,"Uzakdoğu'nun Bermuda Şeytan Üçgeni olarak bilinen, yüzlerce devasa geminin hiçbir enkaz bırakmadan saniyeler içinde yok olduğu bu gizemli göl. Kadim su ruhlarının (elementallerin) ve devasa manyetik anomalilerin hüküm sürdüğü bu sularda, zaman ve mekan algısını büken yutucu bir astral girdap aktiftir.",4,
Normandie Apartmanları (Wukang),Şanghay,Çin,"Kültür Devrimi sırasındaki acımasız sorgulamalardan kaçmak isteyen aydınların kendilerini pencerelerinden atarak topluca intihar ettiği bu tarihi Fransız binası. Asfaltın üzerine dökülen o yoğun kan ve çaresizlik enerjisi, binanın aurasına öylesine işlemiştir ki, gece yarısı görünmez bedenlerin yere çarpma sesleri duyulur.",4,
Huguang Lonca Binası,Pekin,Çin,"Kadim bir mezarlığın üzerine inşa edildiği için 'Rahatsız Edilen Ruhlar'ın saldırılarına uğrayan eski tiyatro ve lonca binası. Geceleri boş salondan gelen bedensiz aryalar, aniden fırlatılan taşlar ve karanlığın içinden sizi izleyen o kızgın, intikam dolu frekans, buradaki poltergeist aktivitesinin ne kadar vahşi olduğunu gösterir.",4,
Tak Tak Okulu,Hong Kong,Çin,"İkinci Dünya Savaşı'nda Japon askerlerinin katliam yaptığı bir toplu mezarın üzerine kurulan ve tuvaletinde kendini asan öğretmenin efsanesiyle bilinen terk edilmiş okul. Issız koridorlarda beliren 'Kırmızılı Kadın' silüeti ve çocuk çığlıklarının yarattığı o travmatik, kan dondurucu aura, ziyaretçileri psişik olarak felç eder.",5,
Nanjing Yuhuatai İdam Alanı,Nanjing,Çin,"Tarihin en acımasız savaş suçlarından birinin işlendiği, toprağının yüz binlerce masum insanın kanıyla kızıla boyandığı devasa katliam ve idam alanı. Bu alana adım attığınız anda göğsünüze çöken o devasa, nefes kesici keder ve havada asılı kalan toplu ölüm korkusu, insan aurasını tamamen ezer.",5,
Gongwangfu (Prens Gong Malikanesi),Pekin,Çin,"İhtişamlı görünümünün ardında cariyelerin gizlice zehirlendiği, işkenceyle öldürüldüğü veya kuyuya atıldığı bu asırlık saray. Gece yarısı bahçedeki loş kuyunun etrafında duyulan hıçkırıklar ve yalnız kalmış ruhların o ağır, melankolik dişil enerjisi, sarayın duvarlarını adeta görünmez bir astral kafese çevirmiştir.",4,
Kytäjän Kartano (Lanetli Malikane),Hyvinkää,Finlandiya,"1972'deki kanlı üçlü cinayete sahne olan ve üzerine çöken o karanlık lanetle bilinen bu izole malikane. Terk edilmiş arazisinde durduğunuzda, toprağa sinmiş olan o saf vahşet ve intikam enerjisi göğsünüze oturur; geceleri boş pencerelerden dışarı sızan o ezici, melankolik ölüm frekansı auranızı tamamen dondurur.",5,
Bodom Gölü (Bodominjärvi),Espoo,Finlandiya,"1960 yılında üç gencin çadırlarında vahşice katledildiği ve katilin asla bulunamadığı bu karanlık göl kıyısı. Gece çöktüğünde suyun yüzeyinde beliren açıklanamayan sis tabakası ve ormanın derinliklerinden gelen boğuk feryatlar, cinayet anındaki o devasa dehşet enerjisinin burada sonsuz bir döngüye girdiğini kanıtlar.",5,
Seili Adası (Cüzzam Kolonisi),Turku Takımadaları,Finlandiya,"Yüzyıllar boyunca cüzzamlıların ve sonrasında akıl hastalarının 'asla geri dönmemek üzere' tek yön biletle sürgüne gönderildiği bu izole ada. Ahşap kilisenin etrafında dolaşırken, acı içinde ve tamamen yalnız can veren binlerce insanın o devasa, sessiz kederi zihninizi sarsar; buradaki izolasyon frekansı nefesinizi keser.",5,
Suomenlinna Deniz Kalesi,Helsinki,Finlandiya,"1918 Finlandiya İç Savaşı'nda on binlerce esirin açlıktan, hastalıktan ve infazlardan kırıldığı devasa bir açık hava hapishanesine dönüşen bu ada kalesi. Zifiri karanlık yeraltı dehlizlerinde ilerlerken, görünmez ellerin dokunuşlarını hisseder ve o metalik, paslı ölüm korkusunun auranızı bıçakladığını fark edersiniz.",5,
Olavinlinna Kalesi,Savonlinna,Finlandiya,"Efsaneye göre ihanetle suçlanıp duvarların arasına canlı canlı örülen masum bir genç kızın trajedisine ev sahipliği yapan bu su kalesi. Geceleri taş koridorlarda duyulan hıçkırıklar ve duvarlardan süzülen o ağır, kederli dişil enerji, buradaki acının asırlardır arafta hapsolduğunu gösterir.",4,
Kakola Hapishanesi,Turku,Finlandiya,"Finlandiya'nın en azılı katillerinin ve psikopatlarının kapatıldığı, tepenin üzerine kurulu bu devasa ve gotik hapishane kompleksi. İzolasyon hücrelerinin bulunduğu karanlık koridorlarda, mahkumların o saf nefret ve delilik enerjisi taşlara öylesine işlemiştir ki, içeri girenler aniden bastıran boğucu bir anksiyete atağı yaşar.",4,
Nikkilä Akıl Hastanesi,Sipoo,Finlandiya,"Ormanın derinliklerine gizlenmiş ve binlerce hastanın tecrit edildiği bu çürüyen tımarhane kompleksi. Lobotomi ve ağır tedavilerle aklını yitiren hastaların çığlıkları, terk edilmiş koğuşlarda hala yankılanır. Yıkık dökük odalarda gezinirken üzerinize çöken o delirten, kaotik astral ağırlık iradenizi ele geçirmek ister.",5,
Aleksanterin Teatteri (İskender Tiyatrosu),Helsinki,Finlandiya,"Kırım Savaşı sırasında ölen Rus bir subayın ruhu tarafından sahiplenilmiş bu tarihi tiyatro binası. Boş salonda kendiliğinden açılıp kapanan kapılar, aniden düşen sıcaklık ve locaların arasından süzülen o aristokratik, görünmez askeri enerji, buranın aslında boyutlar arası aktif bir geçit olduğunu fısıldar.",3,
Turku Kalesi Zindanları,Turku,Finlandiya,"Finlandiya'nın en eski yapılarından biri olan ve asırlar boyunca kanlı kuşatmalara, karanlık hapishane günlerine şahitlik eden bu kale. Mahkumların ışık yüzü görmeden çürüdüğü alt zindanlardan yükselen iniltiler ve görünmez nöbetçilerin o ağır, otoriter frekansı, kalenin karanlık ruhunu doğrudan çakralarınıza aktarır.",4,
Mustio Malikanesi (Svartå Slott),Raseborg,Finlandiya,"Siyah gölgelerin, açıklanamayan adımların ve trajik bir şekilde gölde boğulan bir çocuğun ruhunun dolaştığı bu görkemli ama melankolik ahşap malikane. Geceleri yatak odalarında uyumaya çalışanları izleyen donuk silüetler ve havayı aniden dolduran o buz gibi keder frekansı, burayı İskandinavya'nın en tekinsiz yerlerinden biri yapar.",4,
Gevangenpoort (Zindan Kapısı),Lahey,Hollanda,"Yüzyıllar boyunca engizisyon mahkemelerine ve akıl almaz işkencelere ev sahipliği yapan bu Orta Çağ zindanı. Karanlık hücrelerdeki paslı işkence aletlerinin etrafında durduğunuzda, derisi yüzülen ve kemikleri kırılan mahkumların o saf acı frekansı göğsünüze kurşun gibi oturur; buradaki şiddet enerjisi auranızı adeta bıçaklar.",5,
Waalsdorpervlakte (Ölüm Kumulları),Lahey,Hollanda,"İkinci Dünya Savaşı'nda Nazilerin yüzlerce direnişçiyi kurşuna dizdiği rüzgarlı kum tepeleri. Sisli havalarda bu ıssız alanda dolaşırken, toprağa kanla kazınmış o devasa savaş travması ve aniden duyulan bedensiz tüfek sesleri, zamanın o dehşet anında kilitli kaldığını ruhunuza fısıldar.",5,
Doorwerth Kalesi,Gelderland,Hollanda,"Zindanlarında açlıktan ölüme terk edilen küçük bir kız çocuğunun ruhuyla lanetlenmiş, su hendekleriyle çevrili bu izole şato. Geceleri taş koridorlardan gelen o çaresiz hıçkırıklar ve aniden buz kesen odalar, buradaki kederli ölüm enerjisinin kalbinizi görünmez bir mengene gibi sıkmasına neden olur.",4,
Spooksteeg (Hayalet Sokağı),Amsterdam,Hollanda,"Amsterdam'ın en karanlık ve kanlı sırlarını saklayan, Zeedijk bölgesindeki bu dar ve kasvetli ara sokak. Efsaneye göre kız kardeşini kıskançlıktan zehirleyen ve ruhu arafta kalan Helena'nın o zehirli, intikam dolu frekansı, geceleri bu sokaktan geçenlerin ensesinde dondurucu bir nefes olarak hissedilir.",4,
Valkenburg Yeraltı Mağaraları (Fluweelengrot),Limburg,Hollanda,"Yüzlerce yıl boyunca savaşlardan kaçanların sığındığı ve karanlıkta aklını yitirdiği bu devasa, klostrofobik yeraltı labirenti. Işığın hiç girmediği derin dehlizlerde ilerlerken, yeraltı elementallerinin ve karanlıkta ölenlerin fısıltıları zihninizi sarar; o boğucu toprak enerjisi sizi yutmak ister.",5,
Blokhuispoort Hapishanesi,Leeuwarden,Hollanda,"Yüzlerce yıl boyunca en ağır suçluların güneş ışığından mahrum bırakıldığı bu devasa ve soğuk izolasyon merkezi. Eski hücre bloklarında yürürken, duvarlara kazınmış umutsuzluğun ve deliliğin o ağır frekansı, görünmez bir elin boğazınızı sıkması gibi fiziksel bir nefes darlığı yaratır.",4,
Rechteren Kalesi (Kilitli Oda),Dalfsen,Hollanda,"Kuduz olduğu için şatonun gizli bir odasına kilitlenip çıldırarak ölüme terk edilen bir adamın trajedisini barındırır. Odanın kapısı yüzyıllardır açılmamış olsa da, geceleri o karanlık köşeden gelen insanlık dışı çığlıklar ve tırnak kazıma sesleri, buradaki saf dehşet enerjisini tüm hücrelerinize zerk eder.",5,
De Oude Kerk (Eski Kilise),Amsterdam,Hollanda,"On binlerce cesedin doğrudan zemin taşlarının altına gömüldüğü bu devasa gotik yapı. Mezar taşlarının üzerinde yürürken, toprağın altından yükselen o yoğun, kolektif ölüm enerjisi ve devasa orgun çaldığı notalara karışan bedensiz fısıltılar, sizi devasa bir astral mezarlığın tam ortasında bırakır.",4,
Binnenhof Meydanı ve Gölleri,Lahey,Hollanda,"1619'da Johan van Oldenbarnevelt'in idam edildiği ve kanının parke taşlarına oluk oluk aktığı bu tarihi siyasi merkez. Gece yarısı pus çöktüğünde meydanda yankılanan idam baltasının o tok sesi ve başsız gölgelerin yarattığı aristokratik öfke enerjisi, auranıza sarsıcı bir ağırlık yükler.",4,
Kasteel Ammersoyen,Gelderland,Hollanda,"Duvarlarının arasına canlı canlı gömülen soyluların ve hendeklerinde boğulanların izlerini taşıyan bu ağır ve melankolik su kalesi. Geceleri boş odalarda aniden düşen hava sıcaklığı ve şöminelerden gelen bedensiz feryatlar, bu kalın taş duvarların aslında aktif bir ruhsal hapishane olduğunu kanıtlar.",4,
Highgate Mezarlığı,Londra,İngiltere,"Viktorya döneminin en ihtişamlı ve karanlık ölüm bahçesi. Devasa gotik anıtların ve sarmaşıkların yuttuğu bu devasa mezarlık, 70'lerde satanist ayinlerin ve 'Highgate Vampiri' efsanesinin merkez üssüydü. Gece yarısı sisin içinden süzülen boyutsal varlıklar ve toprağın altından yükselen o ağır, aristokratik ölüm frekansı zihninizi yavaşça zehirler.",5,
Chillingham Kalesi,Northumberland,İngiltere,"Avrupa'nın en kanlı kalelerinden biri. Cellat John Sage'in zindanlarda binlerce İskoç esirini parçalayarak katlettiği bu taş duvarlar, saf bir vahşet enerjisiyle titreşir. İşkence odasında durduğunuzda, kemikleri kırılanların o son, dehşet dolu çığlıkları fiziksel bir baskı olarak auranıza çarpar; buradaki poltergeist aktivitesi son derece agresiftir.",5,
Pendle Tepesi (Cadı Mahkemeleri),Lancashire,İngiltere,"1612'deki meşhur ve acımasız cadı mahkemelerinin lanetini taşıyan rüzgarlı tepe. Haksız yere asılan masumların intikam dolu öfkesi, buranın toprağına adeta siyah bir mühür gibi kazınmıştır. Tepeye tırmanırken aniden düşen sıcaklık ve görünmez ellerin dokunuşları, buradaki pagan doğa ruhlarının ve araftaki cadıların dışlayıcı enerjisini hissettirir.",4,
Ancient Ram Hanı,Gloucestershire,İngiltere,"Kadim bir pagan mezarlığının üzerine inşa edilen ve çocuk adaklarına şahitlik etmiş bu asırlık han. Kesişen ley hatları (dünyanın enerji damarları) üzerinde yer aldığı için devasa bir demonik portaldır. Geceyi içeride geçirmeye çalışanları yataklarından sürükleyen o ilkel ve vahşi alt boyut frekansı, kalbinize saf bir dehşet eker.",5,
Pluckley Köyü (Çığlık Atan Orman),Kent,İngiltere,"Guinness Rekorlar Kitabı'na 'İngiltere'nin en perili köyü' olarak giren bu izole yerleşke. Özellikle 'Çığlık Atan Orman' (Screaming Woods) bölgesinde gece çöktüğünde, ağaçların arasından kaybolan ruhların feryatları yankılanır. Ormanın o yutucu, boğucu enerjisi ve zamanın burada bir araf döngüsüne girmesi, ziyaretçileri derin bir anksiyeteye sürükler.",4,
Newsham Park Tımarhanesi,Liverpool,İngiltere,"Önce yetimhane, ardından devasa bir akıl hastanesi olarak kullanılan bu çürüyen Victoria dönemi yapısı. 'Yaramazlık Dolapları'nda cezalandırılan çocukların kederi ve elektroşokla aklını tamamen yitiren hastaların çığlıkları koridorlara sinmiştir. Binadaki o ezici, kaotik delilik frekansı ve sebepsiz yere çarpılan kapılar, insanın gerçeklik algısını büker.",5,
Hellfire Mağaraları,Buckinghamshire,İngiltere,"18. yüzyılda elit İngiliz soylularının (Hellfire Club) şeytani ayinler ve pagan ritüelleri düzenlemek için kireçtaşına oydurduğu bu karanlık yeraltı labirenti. Yeraltı dünyasına açılan bu klostrofobik tünellerde ilerlerken, asırlar önce çağrılan ve geri gönderilmeyen karanlık varlıkların fısıltılarını duyar, auranıza sülfür benzeri bir ağırlığın çöktüğünü hissedersiniz.",4,
Bodmin Hapishanesi,Cornwall,İngiltere,"Sayısız insanın halka açık şekilde asıldığı ve mahkumların zifiri karanlık, buz gibi hücrelerde çürümeye terk edildiği bu acımasız hapishane. İdam çukurunun başında durduğunuzda, boynu kırılanların o son anındaki paslı ölüm korkusu göğsünüze oturur. Karanlığın içinden size doğru uzanan o yoğun, çaresiz keder enerjisi nefesinizi keser.",4,
Cannock Chase Ormanı,Staffordshire,İngiltere,"İngiltere'nin karanlık okült ayinler ve 'Siyah Gözlü Çocuklar' efsaneleriyle ünlü en tekinsiz ormanlık alanı. Geceleri ormanın derinliklerinde beliren ve donuk gözlerle insanlara yaklaşan bu şekil değiştiren varlıkların efsanesi, ormanın o ezici ve düşmanca frekansıyla birleşir. Buradaki doğa enerjisi insanı açıkça reddeden, karanlık bir zekaya sahiptir.",4,
Woodchester Malikânesi,Gloucestershire,İngiltere,"İnşaatı aniden, açıklanamayan bir korkuyla yarım bırakılan bu devasa ve ıssız gotik malikane. Tamamlanmamış koridorlarında, şeytani sembollerin bulunduğu mahzenlerinde aktif bir poltergeist enerjisi hüküm sürer. Havada asılı kalan gölgeler ve aniden üzerinize çöken o boğucu dondurucu hava, binanın güçlü bir astral kara delik olduğunu kanıtlar.",4,
Leap Kalesi (Kanlı Şapel),Offaly,İrlanda,"İrlanda'nın en perili ve şeytani şatosu. Bir rahibin kendi kardeşi tarafından sunakta katledildiği 'Kanlı Şapel' ve altındaki kazıklarla dolu ölüm çukuru. Kalede kükreyen ve çürümüş et kokusu yayan 'Elemental' adındaki ilkel, alt boyut varlığının o saf kötücül enerjisi auranızı felç eder.",5,
Hellfire Club (Cehennem Ateşi Kulübü),Dublin,İrlanda,"Dublin dağlarının zirvesinde, 18. yüzyılda elit aristokratların karanlık kara büyü ritüelleri ve satanik ayinler düzenlediği bu izole harabe. Geceleri rüzgarın uğultusuna karışan şeytani fısıltılar ve aniden cihazların pillerini emen o agresif, boyutsal karanlık zeka, buranın hala açık bir okült portalı olduğunu fısıldar.",5,
Loftus Hall,Wexford,İrlanda,"Karanlık ve fırtınalı bir yarımadada çürümeye terk edilmiş bu devasa malikane, şeytanın bizzat misafir olduğu efsanesiyle bilinir. Başarısız geçen ve bir kadının delirmesine yol açan şeytan çıkarma (exorcism) ritüellerinin travması duvarlara kazınmıştır; boş odalardan gelen toynak sesleri ziyaretçileri dehşete düşürür.",5,
Wicklow Hapishanesi (Wicklow Gaol),Wicklow,İrlanda,"İrlanda'nın en karanlık dönemlerinde 'Cehennemin Kapıları' olarak anılan bu taş zindan. Büyük Kıtlık zamanında hastalıktan, açlıktan ve ağır işkencelerden can veren binlerce insanın o paslı, ağır keder frekansı zindan hücrelerinde hala nabız gibi atar; oksijenin aniden çekildiğini hissedersiniz.",5,
Charleville Kalesi,Offaly,İrlanda,"Kadim Kelt ve Druid ritüel alanlarının tam üzerine inşa edilmiş bu devasa gotik şato. Yüzyıllardır bu ormanlarda yaşayan doğa elementallerinin ve merdiven boşluğunda düşerek ölen küçük Harriet'in ruhunun yarattığı o karmaşık, hipnotik enerji, zaman çizgisini sonsuz bir araf döngüsüne sokar.",4,
Duckett's Grove,Carlow,İrlanda,"İrlanda folklorunun en karanlık varlıklarından biri olan 'Banshee'nin (Ölüm Perisi) lanetiyle yıkıma sürüklendiği söylenen devasa gotik harabe. Çürüyen kulelerin arasında gece rüzgarı estiğinde, ölüm perisinin o insanın kanını donduran çığlık frekansını ve keder enerjisini direkt kök çakranızda hissedersiniz.",4,
Kilmainham Gaol,Dublin,İrlanda,"İrlanda bağımsızlık isyanının liderlerinin acımasızca kurşuna dizildiği, soğuk ve klostrofobik bir tecrit merkezi. Kurşuna dizilme avlusunda durduğunuzda, havada asılı kalan o barut kokusu ve vatanseverlerin son saniyelerindeki o saf, sarsılmaz öfke frekansı göğsünüze kurşun gibi oturur.",4,
Spike Island (İrlanda'nın Alcatraz'ı),Cork,İrlanda,"Okyanusun ortasında izole edilmiş ve binlerce mahkumun güneş ışığı görmeden zindanlarda çürümeye terk edildiği ada hapishanesi. Zifiri karanlık izolasyon hücrelerinden (Punishment Block) gelen zincir şakırtıları ve aklını yitiren ruhların o kaotik delilik enerjisi, auranızı karanlık bir denizin dibine çeker.",4,
Charles Fort,Kinsale,İrlanda,"Düğün gecesi kocasının bir nöbetçi tarafından yanlışlıkla vurulmasının ardından, gelinliğiyle kendini okyanusun acımasız dalgalarına atan 'Beyazlı Kadın'ın mekanı. Surlara vuran dalgaların sesine karışan hıçkırıklar ve aniden bastıran o dondurucu, kederli dişil enerji ziyaretçilerin kalbini sızlatır.",4,
Belvelly Kalesi,Cork,İrlanda,"Güzelliğiyle ünlü Leydi Margaret'in esir alınıp kendi kibriyle yüzleşmesi için aynalarla dolu bir odada açlıktan ölüme terk edildiği bu karanlık şato. Geceleri karanlık camlarda ve yansımalarda beliren o yüzsüz, açlıktan kurumuş silüetin yaydığı saplantılı ölüm frekansı zihninizi ürpertir.",3,
Belchite Harabeleri,Zaragoza,İspanya,"İspanya İç Savaşı'nda binlerce insanın kanıyla yıkanan ve ibret için tamamen yıkık bırakılan hayalet kasaba. Savaşın o saf vahşetinin zaman çizgisinde donup kaldığı bu yıkıntıların arasında esen gece rüzgarı, kurşuna dizilen sivillerin feryatlarını taşır; toprağa sinen o devasa ölüm travması auranızı delik deşik eder.",5,
Ochate (Lanetli Köy),Burgos,İspanya,"Üç büyük ve açıklanamayan salgınla tamamen yok olan, paranormal araştırmacıların 'Lanetli Köy' olarak andığı bu izole yerleşke. Yıkık kilise kulesinin etrafında yoğunlaşan boyutsal anomaliler ve cihazların enerjisini emen o ağır, hastalıklı frekans; buranın alt boyut varlıkları tarafından mühürlendiğini gösterir.",5,
Hospital del Tórax,Barselona (Terrassa),İspanya,"İspanya'nın en yüksek intihar oranına sahip olan bu eski ve devasa verem hastanesi. 'Orman Kapısı' olarak bilinen 9. kat pencerelerinden kendini atan yüzlerce hastanın o çaresiz, ezici depresyon frekansı binanın duvarlarına kazınmıştır. Boş koğuşlarda yankılanan bedensiz öksürükler ziyaretçilerin nefesini keser.",5,
Zugarramurdi (Cadılar Mağarası),Navarra,İspanya,"İspanyol Engizisyonu'nun en acımasız cadı avlarına sahne olan ve eski pagan ritüellerinin (Akelarre) merkez üssü sayılan devasa mağara. Yeraltı sularının yankısına karışan ve haksız yere yakılan masumların o dışlayıcı, öfkeli frekansı; buradaki kadim doğa ruhlarıyla birleşerek insanı yoğun bir transa sokar.",5,
Palacio de Linares,Madrid,İspanya,"Madrid'in kalbinde, aristokrasinin en kanlı ensest sırlarını ve katledilen bir bebeğin kederini saklayan bu ihtişamlı saray. Geceleri boş salonlardan gelen çocuk ağlamaları ve 'Anne, anne' diyen o tüyler ürpertici EVP (Elektronik Ses Fenomeni) kayıtları; lüksün ardına saklanmış o koyu, melankolik yas enerjisini ruhunuza zerk eder.",4,
Cortijo Jurado,Málaga,İspanya,"19. yüzyılda elit ve sapkın bir aristokrat ailenin gizli okült ritüeller ve insan kurban etme ayinleri düzenlediği bu devasa taş konak. Konağın altındaki gizli tünellerden geldiğine inanılan genç kız çığlıkları ve binayı saran o saf, kötücül (demonic) şiddet enerjisi, en cesur ruhların bile kalbine saf bir dehşet eker.",4,
Preventorio de Aguas de Busot,Alicante,İspanya,"Başlangıçta şifalı sular için kurulan ancak sonrasında veremli çocukların tecrit edildiği bu çürüyen sanatoryum. Karanlık ve grafiti dolu labirent benzeri koridorlarında gezinirken, çocukların görünmez ellerinin kıyafetlerinizi çekiştirdiğini ve havada asılı kalan o kimsesiz, ağır hastalık frekansını tüm çakralarınızda hissedersiniz.",4,
Barranco de Badajoz,Tenerife,İspanya,"Kanarya Adaları'ndaki bu sarp vadi, zamanın ve mekanın tamamen kırıldığı devasa bir astral geçittir (portal). Işık saçan bedensiz varlıkların görüldüğü ve içine girenlerin saatlerce zaman atlaması (time slip) yaşadığı bu doğa harikası, yerkürenin o ilkel, ezici manyetik anomalileriyle zihninizi farklı bir boyuta çeker.",4,
Bélmez de la Moraleda (Yüzler Evi),Jaén,İspanya,"Evin beton zemininde kendiliğinden beliren ve şekil değiştiren çığlık atan yüz silüetleriyle (Bélmez Yüzleri) bilinen meşhur ev. Binlerce yıl öncesinin bir Arap mezarlığı üzerine kurulan bu alanda, arafta kalan ruhların fiziksel boyuta zorla tutunmaya çalıştığı, oksijeni tüketen ağır ve kaotik bir kapı frekansı vardır.",4,
Sanatorio de La Atalaya,Ciudad Real,İspanya,"İzole bir çam ormanının derinliklerine gizlenmiş, kapıları ve pencereleri zifiri karanlığa açılan ürkütücü, terk edilmiş bir hastane. Geceleri rüzgarın binanın içinden geçerken çıkardığı o tiz, insan iniltisine benzeyen sesler ve aniden cihazların pillerini emen o aç, alt boyut frekansı auranızı tamamen dondurur.",3,
Catacombe dei Cappuccini (Kapuçin Yeraltı Mezarları),Palermo,İtalya,"Sekiz binden fazla mumyalanmış cesedin duvarlardan size baktığı bu devasa yeraltı labirenti. Klostrofobik koridorlarda yürürken, ölümün o donuk ve çürümüş kokusu genzinizi yakar; havada asılı kalan o ağır, kolektif ölüm frekansı auranızı fiziksel bir mengene gibi sıkar.",5,
Ospedale Psichiatrico di Volterra,Toskana,İtalya,"Avrupa'nın en acımasız tımarhanelerinden biri. Elektroşok ve tecritle aklını yitiren hastaların çığlıkları duvarlara kazınmıştır. Özellikle mahkum Fernando Nannetti'nin duvarlara kemer tokasıyla kazıdığı şifreli yazıtların etrafında, deliliğin o kaotik ve yırtıcı astral enerjisi ziyaretçileri transa sokar.",5,
Villa de Vecchi (Kırmızı Ev),Cortenova,İtalya,"Kont de Vecchi'nin ailesinin vahşice katledildiği ve kendisinin intihar ettiği orman içindeki bu lanetli konak. Geceleri harabe halindeki boş salondan gelen bedensiz piyano sesleri ve aniden düşen sıcaklık, buradaki kanlı cinayet anının zaman çizgisinde sonsuz bir döngüye kilitlendiğini kanıtlar.",5,
Kolezyum Zindanları (Hypogeum),Roma,İtalya,"Yüz binlerce insanın ve hayvanın sadece eğlence için vahşice katledildiği bu devasa arenanın güneş görmeyen alt dehlizleri. Zindanlarda yürürken, kan kokusunun taşlara asırlardır sindiği o paslı şiddet enerjisi ve gladyatörlerin o primal ölüm korkusu, nefes almanızı bile zorlaştıran bir astral ağırlık yaratır.",5,
Abbazia di Lucedio (Lucedio Manastırı),Piyemonte,İtalya,"Karanlık maji, şeytana tapınma ve okült ritüeller yüzünden lanetlendiği söylenen, rahiplerin aklını yitirdiği bu asırlık manastır. 'Ağlayan Sütun'un bulunduğu mahzende şeytani bir varlığın mühürlendiğine inanılır; buradaki alt boyut portalının yaydığı o boğucu ve kükreyen şeytani enerji auranızı delik deşik eder.",5,
Isola della Gaiola (Lanetli Ada),Napoli,İtalya,"Güzelliğiyle büyüleyen ama sahiplerinin istisnasız cinayete, intihara veya deliliğe sürüklendiği bu lanetli ada. Napoli körfezinin karanlık sularıyla çevrili bu kayalıklarda durduğunuzda, su elementallerinin ve kadim lanetlerin o ezici, yutucu frekansının sizi yavaş yavaş kendi içine çektiğini hissedersiniz.",4,
Castello di Montebello,Rimini,İtalya,"1375 yılında mahzende kaybolan ve bir daha asla bulunamayan 'Azzurrina' adındaki albino kız çocuğunun trajedisi. Her beş yılda bir yaz dönümü gecesinde kalenin koridorlarından gelen o hüzünlü çocuk ağlamaları ve aniden bastıran yoğun keder frekansı, kalbinizi sızlatan derin bir melankoli yaratır.",4,
Ca' Dario (Lanetli Saray),Venedik,İtalya,"Büyük Kanal'ın üzerinde yer alan, 15. yüzyıldan beri sahiplerinin gizemli kazalar ve intiharlarla öldüğü bu gotik Venedik sarayı. Suyun yansımasıyla birleşen o ağır aristokratik ölüm enerjisi ve binanın üzerine çöken karanlık mühür; sarayın aslında güzelliğiyle kurbanlarını çeken aktif bir astral tuzak olduğunu fısıldar.",4,
Museo delle Anime del Purgatorio,Roma,İtalya,"Arafta kalan ve cehennem azabı çeken ruhların fiziksel dünyaya bıraktığı yanık el izlerinin ve paranormal kanıtların sergilendiği bu ürkütücü küçük kilise. Cam fanusların içindeki o yanık izlerine bakarken, ateşin ve kederin öte boyuttan dünyamıza sızmaya çalışan o çaresiz çırpınışını çakralarınızda hissedersiniz.",4,
Castello di Bardi,Emilia-Romagna,İtalya,"Sevgilisinin savaşta öldüğünü sanıp kendini kaleden atan Moroello'nun trajedisi. Avrupa'nın ilk termal hayalet fotoğrafının çekildiği bu kalede, zırhlı gölgelerin devriye gezdiği ve boş avludan gelen savaş atı sesleri duyulur. Asırlar öncesinin o yoğun ihanet ve yas enerjisi, zamanın büküldüğü bir araf yaratır.",4,
Isla de las Muñecas (Bebekler Adası),Meksiko (Xochimilco),Meksika,"Yüzlerce çürüyen oyuncak bebeğin ağaçlardan sallandığı, kanalların ortasındaki bu kabus adası. Boğularak ölen küçük bir kızın arafta kalan ruhunu yatıştırmak için asılan bu bebeklerin boş gözleri sizi izler; adanın o karanlık, bataklık enerjisi ve bebeklerin içine hapsolmuş alt boyut varlıkları auranızı anında kilitler.",5,
Posada del Sol Oteli,Meksiko,Meksika,"Mimarı Fernando Saldaña'nın inşaat sırasında otelin çan kulesinde kendini asarak intihar ettiği bu devasa, lanetli harabe. Masonik sembollerle dolu labirent gibi koridorlarında dolaşırken, karanlık ritüellerin ve arafta kalan küçük bir kız çocuğunun (Oda 103) o ezici, melankolik frekansı göğsünüze kurşun gibi oturur.",5,
Panteón de Belén,Guadalajara,Meksika,"Gotik mimarisi ve vampir efsaneleriyle ünlü bu 19. yüzyıl mezarlığı. Gece çöktüğünde devasa mermer anıtların arasından süzülen şekilsiz kütleler ve toprağın altından nabız gibi atan o aristokratik ölüm frekansı, burayı okültistlerin ve yeraltı varlıklarının aktif bir toplanma alanına çevirir.",4,
Real de Catorce (Hayalet Kasaba),San Luis Potosí,Meksika,"Çölün ortasında, Ogarrio Tüneli'nin ardına gizlenmiş ve gümüş madenlerinin tükenmesiyle bir gecede terk edilmiş bu hayalet kasaba. Karanlık ve devasa maden dehlizlerinde yankılanan 'El Jergas' (hayalet madenci) adımları ve toprağın o aç, yutucu enerjisi, zamanın burada tamamen durduğunu ruhunuza fısıldar.",4,
San Juan de Ulúa Kalesi,Veracruz,Meksika,İspanyol sömürge döneminin en kanlı hapishanelerinden ve işkence merkezlerinden biri olan bu deniz kalesi. Suya gömülü zindanlarında (tinajas) hastalık ve işkenceyle can veren binlerce mahkumun o paslı çaresizliği taşlara kan gibi işlemiştir; dalga seslerine karışan bedensiz feryatlar aklınızı zorlar.,5,
Casa de los Tubos (Borular Evi),Monterrey,Meksika,"Tekerlekli sandalyeye mahkum kızının intiharı (veya cinayeti) sonrası inşaatı yarım kalan, tuhaf silindirik mimarisiyle bilinen bu lanetli yapı. Binanın merkezine doğru çekildiğinizi hissettiren o girdap (vortex) enerjisi ve geceleri duyulan o çaresiz kız çocuğu ağlamaları, buradaki boyut perdesinin tamamen yırtıldığını gösterir.",4,
Callejón del Aguacate (Avokado Sokağı),Meksiko (Coyoacán),Meksika,"Gündüzleri huzurlu görünen ama karanlık çöktüğünde kara büyü (brujería) ve voodoo ritüellerinin merkezine dönüşen bu dar İspanyol sokağı. Ağaçta asılarak katledilen küçük bir çocuğun hıçkırıklarının duvarlarda yankılandığı ve aniden cihazların pillerini emen o aç, şeytani frekans ziyaretçilerin aurasını bıçaklar.",4,
Hospital Juárez,Meksiko,Meksika,"'La Planchada' (Ütülü Hemşire) efsanesinin doğduğu, depremlerde ve salgınlarda on binlerce insanın acı içinde can verdiği bu asırlık hastane. Eski koğuşların o ağır, ilaç kokulu ölüm frekansı ve geceleri koridorlarda dolaşan bedensiz personelin adımları, burayı hastalıklı bir astral araf haline getirmiştir.",4,
Cueva del Diablo (Şeytan Mağarası),Mazatlán,Meksika,"Pasifik okyanusunun kıyısında, efsaneye göre doğrudan Lucifer ile anlaşmaların yapıldığı ve korsanların kanlı ritüeller düzenlediği bu zifiri karanlık mağara. Sülfür kokusunun okyanus iyoduna karıştığı bu derin çukurda durduğunuzda, alt boyut varlıklarının fısıltıları ve o hipnotik karanlığın auranızı emdiğini fiziksel olarak hissedersiniz.",5,
Hacienda de Cholul,Mérida,Meksika,"Sahiplerinin büyücülük ve vahşi cinayetlerle birbirini katlettiği, ormanın yuttuğu bu terk edilmiş devasa kauçuk malikanesi. Yıkık dökük taş duvarların arasından esen Maya topraklarının o ilkel, şamanik rüzgarı ve malikaneye çöken o agresif, intikam dolu karanlık zeka, içeri girenleri anında ağır bir melankoliyle vurur.",4,
Baron Sarayı (Baron Empain Palace),Kahire,Mısır,"1990'larda karanlık okült ritüellere ev sahipliği yapmış bu devasa Hint mimarisi saray. Kız kardeşi ve karısının gizemli ölümlerinin ardından Baron'un delirdiği bu yapıda, geceleri duyulan ayin sesleri, kendiliğinden döndüğüne inanılan ana kule ve kan donduran ifrit (cin) enerjisi auranızı felç eder.",5,
Roushdy Binası (Cinli Apartman),İskenderiye,Mısır,"Mısır'ın en ünlü şehir efsanelerinden biri olan ve boyut dışı varlıkların (ifritlerin) sahiplendiği bu devasa terk edilmiş bina. Duvarlarından kan sızdığı, içeri girmeye çalışanların eşyalarının şiddetle fırlatıldığı bu yapı, doğrudan alt boyut varlıklarının aktif bir yuvasıdır; önünden geçerken bile o agresif karanlığı hissedersiniz.",5,
Krallar Vadisi (Firavun'un Laneti),Luksor,Mısır,"Tutankhamun'un mezarının da bulunduğu bu devasa ölüm vadisi, binlerce yıllık kara büyülerle ve kadim koruma mühürleriyle korunmaktadır. Güneş battıktan sonra vadinin o boğucu ve sıcak rüzgarına karışan antik fısıltılar ve mezar hırsızlarına edilen lanetlerin yarattığı ağır ölüm frekansı zihninizi ezer.",5,
Osiris Şaftı (Yeraltı Labirenti),Giza,Mısır,"Giza Platosu'nun altına doğru uzanan, sularla kaplı ve katmanlı bu gizli yeraltı mezarı. Mitolojik yeraltı tanrısı Osiris'e adanan bu zifiri karanlık kuyuya inildiğinde, yerkürenin o yoğun, hipnotik ve karanlık enerjisiyle karşılaşırsınız; buradaki astral ağırlık, insan iradesini sıfırlayan güçlü bir alt boyut kapısıdır.",5,
Karnak Tapınağı (Sekhmet'in Sığınağı),Luksor,Mısır,"Savaş, yıkım ve salgın hastalık tanrıçası Sekhmet'in heykeline ev sahipliği yapan loş ve karanlık oda. Binlerce yıllık kanlı adakların titreşimini taşıyan bu heykelin karşısında durduğunuzda, devasa ve ilkel bir dişil öfke auranızı delip geçer; birçok ziyaretçi burada istemsizce transa veya panik atağa girer.",4,
Dashur Kızıl Piramit Dehlizleri,Giza,Mısır,"Giza'nın turistik piramitlerinden uzakta, çok daha klostrofobik ve ağır enerjili olan bu yapının zifiri dehlizleri. İçerideki havanın ağır amonyak kokusu ve binlerce tonluk taşların yarattığı o ezici baskı yeraltı tanrılarının frekansını hissettirir; tünellerde ilerlerken oksijenin ve zaman algısının tamamen kaybolduğunu fark edersiniz.",4,
El Bagawat Nekropolü,Harga Vahası,Mısır,"Çölün acımasız ıssızlığında, binlerce eski Hristiyan mumyasının bulunduğu devasa kerpiç mezarlık. Geceleri çöl rüzgarı bu yüzlerce kubbeli mezarın arasından geçerken, dünyadan tamamen izole olmuş ölülerin feryatlarını taşır. Buradaki kimsesizlik ve unutulmuşluk enerjisi, kalbinize doğrudan fiziksel bir acı saplar.",4,
Eski Helwan Sanatoryumu,Kahire,Mısır,"Kahire'nin dışında, çölün yuttuğu ve binlerce hastanın veremden acı içinde can verdiği terk edilmiş devasa şifa merkezi. Yıkık koridorlarda yankılanan bedensiz öksürükler ve rüzgarla savrulan kumların yarattığı o sarı, hastalıklı frekans, buraya girenlerin yaşam enerjisini yavaş yavaş emer.",4,
Beyaz Çöl (Sahra el-Beyda),Farafra,Mısır,"Geceleri ay ışığı altında devasa, donmuş hayaletleri andıran kireçtaşı kayalıklarıyla dolu bu doğa harikası. Bedevilerin kadim hikayelerine göre çöl cinlerinin (Gûl ve İfrit) av sahası olan bu bölgede, karanlığın içinden fısıldayan seslerin kampçıları çölün derinliklerine, sonsuz bir kayboluşa çektiği anlatılır.",5,
Old Cataract Hotel (Terk Edilmiş Odalar),Asvan,Mısır,"Nil nehrine bakan bu tarihi ve ihtişamlı otelin özellikle kullanılmayan eski kanatlarında 19. yüzyılın aristokratik ölüm enerjisi yatar. Gece karanlığında boş koridorlarda ayak seslerinin yankılandığı, aynalarda eski Mısır büyülerinin kurbanı olmuş gölgelerin belirdiği ve havayı aniden donduran o yoğun kederin zihni sardığı rapor edilir.",3,
Fort St. Angelo (Gri Kadın'ın Zindanı),Birgu,Malta,"Büyük Malta Kuşatması'nda binlerce bedenin parçalandığı bu kanlı kale. Zindanlarında hapsedilen ve trajik bir şekilde katledilen 'Gri Kadın'ın araftaki ruhu, taş duvarlardan sızan yoğun bir çaresizlik enerjisi yayar; gece nöbetçileri asırlardır kılıç şakırtıları ve boğuk feryatlar duyduklarını rapor eder.",5,
Lazzaretto (Veba Hastanesi),Manoel Adası,Malta,"Yüzyıllar boyunca veba kurbanlarının tecrit edilerek çürümeye terk edildiği, okyanus rüzgarlarına açık bu devasa karantina merkezi. Yıkık dökük koridorlarında yürürken, hastalığın o genzi yakan sülfürik enerjisi ve binlerce kişinin can çekiştiği ölüm yataklarından yükselen kolektif acı, auranızı adeta zehirler.",5,
St. Paul Katakompları,Rabat,Malta,"Romalıların ve erken dönem Hıristiyanların kullandığı, yerin metrelerce altına inen bu klostrofobik, zifiri karanlık ölüm labirenti. On binlerce iskeletin yattığı bu daracık kaya oyuklarında ilerlerken, yeraltının o boğucu, ezici frekansını hisseder ve karanlığın içinden gelen antik fısıltılarla aklınızın sınırlarını zorlarsınız.",5,
Mdina Sokakları (Sessiz Şehir),Mdina,Malta,"Geceleri sokak lambalarının aydınlatamadığı bu dar ve kadim labirentlerde, kafası kesilmiş eski şövalyelerin ve 'Beyazlı Kadın'ın ağır, melankolik frekansı dolaşır. Şehrin o ezici, taş duvarlara sinmiş mutlak sessizliği, insanın kendi kalp atışlarını bile dehşet verici bir yankıya dönüştürür.",4,
Villa Sans Souci,Marsaxlokk,Malta,"Malta'nın en ürkütücü ve tekinsiz terk edilmiş malikanelerinden biri. İçeri adım atar atmaz dışarıdaki tüm seslerin kesildiği, havanın aniden buz kestiği ve boğucu bir psişik ağırlığın göğse oturduğu iddia edilir. Evi mesken tutan karanlık alt boyut varlıklarının fısıltıları, insan iradesini sıfırlayan bir dehşet saçar.",5,
Fort Manoel (Kara Şövalye),Gzira,Malta,"İkinci Dünya Savaşı'nda ağır bombardımana tutulan bu tarihi kalede, tam zırhlı ve yüzsüz bir 'Kara Şövalye'nin nöbet tuttuğu anlatılır. Tapınak şövalyelerinin ezoterik ritüellerinden arta kalan o baskın, eril ve düşmanca frekans, kaleye izinsiz girenlerin zihinsel kalkanlarını saniyeler içinde parçalar.",4,
Verdala Sarayı (Mavi Kadın),Siggiewi,Malta,"Görkemli Malta Şövalyeleri'nin sarayı olan bu yapı, istenmeyen bir evlilikten kaçarken balkondan atlayıp ölen 'Mavili Kadın'ın hüzünlü silüetine ev sahipliği yapar. Geceleri boş aynalarda beliren o yoğun dişil keder ve sarayın ıssız salonlarında yankılanan ayak sesleri, zamanın o intihar anında kilitlendiğini gösterir.",4,
Splendid Hotel,Valletta,Malta,"Eski günlerinde Strait Sokağı'nın genelevlerinden biri olan ve acımasız bir cinayete kurban giden bir kadının ruhunun hapsolduğu bu terk edilmiş otel. Boş odalarda kendi kendine fırlatılan eşyalar ve havada asılı kalan o paslı kan kokusu, buradaki poltergeist aktivitesinin son derece agresif ve kin dolu olduğunu kanıtlar.",4,
Fort St. Elmo,Valletta,Malta,"Osmanlı kuşatmasında neredeyse her santiminin kanla sulandığı, binlerce şövalyenin ve askerin katledildiği bu devasa savunma kalesi. Savaşın o primal, kaotik vahşet frekansı surların içine hapsolmuştur; gece rüzgarı denizden estiğinde, top seslerine karışan bedensiz ağıtlar insanı psikolojik bir komaya sokar.",4,
Telgħa t'Alla u Ommu (Lanetli Yokuş),Naxxar,Malta,"Malta'nın en gizemli ve ölümcül kazalarına sahne olan bu tepe yolu. Geceleri aniden yola fırlayan genç bir kız silüetinin veya dikiz aynasında beliren gölgelerin, sürücüleri yoldan çıkarmaya çalıştığı bilinir. Yoldaki o karanlık, yırtıcı ve kurban isteyen elemental enerji bölge halkını dehşete düşürür.",3,
Highland Towers (Yıkık Kuleler),Selangor,Malezya,"1993 heyelanında yıkılan ve onlarca kişinin diri diri toprağa gömüldüğü lüks apartman kompleksi. Doğa tarafından yutulan bu beton enkazında dolaşırken, boğularak can verenlerin feryatları ve alt boyut varlıklarının (Pontianak) o ağır, yırtıcı enerjisi auranızı bir mengene gibi sıkar.",5,
Penang Savaş Müzesi (Hayalet Tepe),Penang,Malezya,"İkinci Dünya Savaşı'nda Japon ordusunun acımasız bir işkence ve infaz kampına dönüştürdüğü (Bukit Hantu) bu eski kale. Giyotinle baş kesilenlerin ve açlıktan ölen esirlerin o paslı kan frekansı duvarlara öylesine sinmiştir ki, gece karanlığında ensenizde celladın nefesini hissedersiniz.",5,
Karak Otoyolu,Pahang,Malezya,Malezya'nın en ölümcül ve şeytani enerjili dağ geçidi. Gece yarısı zifiri karanlıkta sürücülere musallat olan sürücüsüz sarı bir araba ve kayıp çocuk silüetleri; bu yolun aslında doğrudan yeraltı elementallerine ve kana susamış orman cinlerine açılan aktif bir astral portal olduğunu gösterir.,5,
Mona Fandey'in Evi (Kara Büyü Evi),Pahang,Malezya,"90'larda bir politikacıyı kara büyü (bomoh) ritüeliyle parçalara ayıran ünlü cadı/şarkıcı Mona Fandey'in lanetli evi. Toprağa sinmiş olan o saf, şeytani (demonic) büyü enerjisi ve evin etrafını saran o saldırgan, dışlayıcı karanlık frekans, içeri girmeye çalışanların aurasını anında bıçaklar.",5,
Villa Nabila,Johor Bahru,Malezya,"Johor Bahru'da yer alan ve tüm ailenin vahşice katledildiği efsanesiyle bilinen, ormanın yuttuğu bu devasa malikane. Terk edilmiş koridorlarında yürürken, duvarların içinden gelen boğuk çocuk çığlıkları ve aniden cihazların pillerini emen o aç, karanlık zeka zihninizi felç eder.",4,
Pudu Hapishanesi (Pudu Jail),Kuala Lumpur,Malezya,"On binlerce azılı suçlunun hapsedildiği, karanlık ve nemli hücrelerinde sayısız infazın gerçekleştirildiği bu devasa beton cehennem. İdam odasının bulunduğu blokta durduğunuzda, boynu kırılan mahkumların o saf nefret ve can havli frekansı göğsünüze kurşun gibi oturur.",5,
Kellie'nin Kalesi (Kellie's Castle),Perak,Malezya,"İskoç bir kauçuk baronunun eşi için yaptırdığı ancak salgın hastalıklar ve ani ölümüyle yarım kalan bu gizemli Hint-Gotik şatosu. Zifiri karanlık gizli tünellerinde ve boş salonlarında yankılanan bedensiz ayak sesleri, zamanın o melankolik ölüm anında sonsuz bir döngüye girdiğini fısıldar.",4,
First World Hotel (21. Kat),Pahang,Malezya,"Genting Highlands'te bulunan ve kumar borcu yüzünden intihar edenlerin kederiyle zehirlenmiş devasa bir astral araf. Özellikle 21. katın o boğucu koridorlarında asılı kalan ölüm korkusu ve asansör boşluklarından süzülen şekilsiz gölgeler, insanın yaşama sevincini yavaş yavaş emer.",4,
Bukit Tunku (Kenny Hills),Kuala Lumpur,Malezya,"Kuala Lumpur'un göbeğinde yer alan ancak devasa ağaçların güneş ışığını engellediği bu elit ama ürkütücü ormanlık bölge. Terk edilmiş lüks konakların boş pencerelerinden sizi izleyen görünmez gözler ve gece yarısı aniden bastıran o dondurucu, boğucu yalnızlık enerjisi zihinsel kalkanlarınızı sarsar.",4,
Mimaland Terk Edilmiş Tema Parkı,Selangor,Malezya,"Ormanın derinliklerinde, vahşi doğanın ve karanlık orman ruhlarının tamamen geri aldığı bu devasa eski eğlence parkı. Çürüyen dinozor maketlerinin ve boş havuzların arasında dolaşırken, eski kahkahaların yerine doğanın o ilkel, yutucu ve tekinsiz sessizliğinin aklınızı zorladığını hissedersiniz.",3,
